employee_skill_id,employee_id,skill_id,proficiency_level,certified,acquired_date
1,1,18,Expert,True,2021-10-16
2,1,13,Expert,True,2021-10-16
3,1,7,Expert,True,2021-10-16
4,2,11,Beginner,True,2021-03-08
5,2,17,Beginner,False,2021-03-08
6,2,6,Advanced,True,2021-03-08
7,2,14,Advanced,True,2021-03-08
8,2,8,Beginner,True,2021-03-08
9,3,14,Intermediate,True,2021-10-27
10,3,1,Beginner,False,2021-10-27
11,4,5,Advanced,True,2021-12-15
12,4,15,Intermediate,True,2021-12-15
13,5,7,Advanced,True,2020-04-09
14,5,18,Advanced,True,2020-04-09
15,5,8,Intermediate,True,2020-04-09
16,5,13,Beginner,True,2020-04-09
17,6,20,Advanced,True,2021-07-19
18,6,4,Beginner,True,2021-07-19
19,6,19,Expert,False,2021-07-19
20,6,5,Intermediate,False,2021-07-19
21,6,10,Beginner,False,2021-07-19
22,7,14,Expert,True,2020-03-22
23,7,3,Intermediate,False,2020-03-22
24,8,11,Beginner,True,2020-12-29
25,8,15,Beginner,True,2020-12-29
26,8,6,Advanced,False,2020-12-29
27,8,18,Expert,True,2020-12-29
28,8,10,Intermediate,False,2020-12-29
29,9,7,Beginner,True,2021-01-23
30,9,1,Intermediate,False,2021-01-23
31,10,7,Advanced,True,2020-10-01
32,10,1,Intermediate,True,2020-10-01
33,11,9,Intermediate,True,2021-04-14
34,11,20,Advanced,False,2021-04-14
35,11,16,Expert,False,2021-04-14
36,12,17,Intermediate,False,2021-02-12
37,12,13,Expert,True,2021-02-12
38,12,7,Advanced,True,2021-02-12
39,12,9,Intermediate,False,2021-02-12
40,12,6,Expert,False,2021-02-12
41,13,20,Expert,True,2021-10-04
42,13,9,Advanced,False,2021-10-04
43,13,11,Beginner,False,2021-10-04
44,13,4,Intermediate,True,2021-10-04
45,13,13,Advanced,False,2021-10-04
46,14,20,Beginner,True,2022-05-31
47,14,17,Intermediate,False,2022-05-31
48,14,12,Expert,True,2022-05-31
49,14,13,Advanced,True,2022-05-31
50,15,7,Advanced,True,2020-06-10
51,15,12,Advanced,True,2020-06-10
52,16,11,Advanced,True,2021-06-03
53,16,1,Expert,False,2021-06-03
54,17,18,Advanced,True,2020-01-20
55,17,3,Intermediate,True,2020-01-20
56,17,13,Advanced,True,2020-01-20
57,18,14,Beginner,False,2021-05-12
58,18,20,Expert,True,2021-05-12
59,18,11,Advanced,False,2021-05-12
60,18,18,Beginner,True,2021-05-12
61,18,7,Expert,True,2021-05-12
62,18,4,Advanced,False,2021-05-12
63,19,19,Beginner,True,2021-06-24
64,19,1,Expert,False,2021-06-24
65,19,10,Intermediate,False,2021-06-24
66,20,18,Beginner,False,2022-07-10
67,20,17,Beginner,True,2022-07-10
68,21,4,Advanced,False,2021-07-21
69,21,14,Beginner,False,2021-07-21
70,21,10,Expert,True,2021-07-21
71,21,9,Expert,False,2021-07-21
72,21,11,Expert,False,2021-07-21
73,22,12,Beginner,True,2022-05-30
74,22,4,Beginner,True,2022-05-30
75,23,4,Intermediate,True,2022-08-15
76,23,11,Beginner,True,2022-08-15
77,23,14,Advanced,True,2022-08-15
78,24,9,Beginner,True,2021-03-17
79,24,2,Advanced,True,2021-03-17
80,25,11,Intermediate,False,2022-01-15
81,25,13,Beginner,True,2022-01-15
82,25,9,Advanced,True,2022-01-15
83,25,6,Expert,False,2022-01-15
84,26,17,Intermediate,False,2020-07-06
85,26,20,Expert,False,2020-07-06
86,27,16,Advanced,True,2021-07-07
87,27,8,Advanced,True,2021-07-07
88,27,3,Intermediate,True,2021-07-07
89,27,9,Beginner,False,2021-07-07
90,28,7,Intermediate,False,2020-08-06
91,28,1,Expert,True,2020-08-06
92,29,4,Advanced,False,2020-10-19
93,29,11,Intermediate,True,2020-10-19
94,29,7,Intermediate,True,2020-10-19
95,29,17,Advanced,False,2020-10-19
96,29,19,Expert,True,2020-10-19
97,30,7,Advanced,True,2020-11-17
98,30,3,Intermediate,False,2020-11-17
99,30,9,Beginner,True,2020-11-17
100,30,14,Intermediate,True,2020-11-17
101,30,6,Expert,True,2020-11-17
102,31,1,Advanced,False,2020-03-23
103,31,16,Beginner,True,2020-03-23
104,31,17,Advanced,False,2020-03-23
105,31,15,Intermediate,True,2020-03-23
106,32,17,Expert,False,2020-09-09
107,32,14,Advanced,True,2020-09-09
108,32,20,Beginner,False,2020-09-09
109,32,11,Expert,True,2020-09-09
110,32,2,Advanced,True,2020-09-09
111,33,6,Beginner,True,2021-11-16
112,33,9,Intermediate,True,2021-11-16
113,33,17,Intermediate,True,2021-11-16
114,33,16,Beginner,True,2021-11-16
115,33,14,Advanced,True,2021-11-16
116,34,18,Advanced,True,2022-08-09
117,34,4,Expert,False,2022-08-09
118,35,4,Intermediate,True,2022-08-13
119,35,8,Advanced,False,2022-08-13
120,35,9,Advanced,True,2022-08-13
121,35,16,Beginner,True,2022-08-13
122,35,7,Expert,False,2022-08-13
123,36,6,Intermediate,True,2022-04-06
124,36,11,Advanced,False,2022-04-06
125,36,3,Intermediate,True,2022-04-06
126,37,14,Beginner,True,2020-04-28
127,37,11,Beginner,False,2020-04-28
128,37,1,Expert,True,2020-04-28
129,37,6,Expert,True,2020-04-28
130,37,9,Expert,True,2020-04-28
131,38,1,Advanced,True,2021-05-15
132,38,19,Intermediate,True,2021-05-15
133,39,4,Advanced,False,2022-02-28
134,39,10,Expert,False,2022-02-28
135,40,9,Advanced,False,2020-03-18
136,40,16,Advanced,False,2020-03-18
137,40,20,Beginner,False,2020-03-18
138,40,12,Beginner,True,2020-03-18
139,40,15,Expert,True,2020-03-18
140,40,1,Intermediate,False,2020-03-18
141,41,1,Beginner,True,2020-02-12
142,41,8,Expert,True,2020-02-12
143,41,14,Advanced,False,2020-02-12
144,41,12,Intermediate,False,2020-02-12
145,41,7,Advanced,False,2020-02-12
146,42,19,Beginner,False,2022-06-24
147,42,14,Beginner,False,2022-06-24
148,42,9,Expert,False,2022-06-24
149,42,10,Advanced,True,2022-06-24
150,42,7,Beginner,False,2022-06-24
151,43,15,Advanced,True,2020-01-26
152,43,5,Advanced,False,2020-01-26
153,43,17,Advanced,True,2020-01-26
154,44,1,Advanced,True,2022-06-12
155,44,15,Beginner,False,2022-06-12
156,44,2,Advanced,True,2022-06-12
157,44,7,Expert,False,2022-06-12
158,45,2,Intermediate,False,2020-01-25
159,45,9,Advanced,True,2020-01-25
160,46,9,Intermediate,False,2021-06-05
161,46,5,Beginner,False,2021-06-05
162,47,2,Intermediate,False,2020-04-21
163,47,16,Expert,False,2020-04-21
164,47,12,Beginner,False,2020-04-21
165,48,20,Advanced,True,2020-07-13
166,48,10,Intermediate,False,2020-07-13
167,48,6,Intermediate,False,2020-07-13
168,48,14,Intermediate,False,2020-07-13
169,49,3,Expert,False,2020-03-12
170,49,10,Beginner,True,2020-03-12
171,49,15,Expert,False,2020-03-12
172,49,6,Advanced,False,2020-03-12
173,50,14,Expert,True,2021-02-22
174,50,15,Beginner,False,2021-02-22
175,50,20,Beginner,True,2021-02-22
176,50,18,Advanced,True,2021-02-22
177,51,17,Expert,True,2022-02-05
178,51,12,Expert,True,2022-02-05
179,51,5,Expert,False,2022-02-05
180,51,10,Beginner,True,2022-02-05
181,51,2,Beginner,False,2022-02-05
182,51,13,Beginner,False,2022-02-05
183,52,4,Beginner,True,2022-03-15
184,52,10,Intermediate,False,2022-03-15
185,52,16,Intermediate,True,2022-03-15
186,52,11,Intermediate,False,2022-03-15
187,52,2,Advanced,True,2022-03-15
188,52,18,Expert,True,2022-03-15
189,53,3,Intermediate,True,2020-03-27
190,53,1,Beginner,True,2020-03-27
191,54,4,Expert,False,2020-05-30
192,54,16,Beginner,True,2020-05-30
193,54,1,Advanced,False,2020-05-30
194,55,6,Beginner,False,2021-08-12
195,55,8,Intermediate,True,2021-08-12
196,55,18,Intermediate,True,2021-08-12
197,55,9,Intermediate,True,2021-08-12
198,55,15,Intermediate,False,2021-08-12
199,56,10,Advanced,False,2020-08-12
200,56,20,Expert,True,2020-08-12
201,56,4,Expert,False,2020-08-12
202,56,16,Expert,True,2020-08-12
203,56,12,Beginner,False,2020-08-12
204,57,4,Beginner,False,2022-03-31
205,57,19,Beginner,False,2022-03-31
206,57,13,Intermediate,False,2022-03-31
207,57,1,Expert,False,2022-03-31
208,57,10,Beginner,True,2022-03-31
209,58,17,Expert,True,2022-01-31
210,58,20,Intermediate,True,2022-01-31
211,58,7,Advanced,False,2022-01-31
212,58,12,Expert,True,2022-01-31
213,59,10,Expert,False,2020-09-01
214,59,13,Intermediate,False,2020-09-01
215,59,3,Intermediate,False,2020-09-01
216,59,16,Advanced,False,2020-09-01
217,60,2,Intermediate,True,2022-07-03
218,60,1,Beginner,True,2022-07-03
219,61,16,Intermediate,False,2021-02-28
220,61,11,Expert,True,2021-02-28
221,61,8,Beginner,False,2021-02-28
222,61,18,Beginner,True,2021-02-28
223,61,4,Beginner,False,2021-02-28
224,62,20,Beginner,False,2022-07-15
225,62,1,Expert,True,2022-07-15
226,62,6,Intermediate,True,2022-07-15
227,62,11,Advanced,False,2022-07-15
228,63,10,Intermediate,True,2022-05-23
229,63,8,Beginner,True,2022-05-23
230,63,7,Intermediate,True,2022-05-23
231,63,6,Intermediate,True,2022-05-23
232,63,14,Advanced,False,2022-05-23
233,64,18,Intermediate,False,2020-10-06
234,64,3,Advanced,False,2020-10-06
235,64,11,Intermediate,True,2020-10-06
236,64,6,Expert,False,2020-10-06
237,64,16,Expert,True,2020-10-06
238,64,4,Beginner,True,2020-10-06
239,65,10,Advanced,True,2021-09-29
240,65,4,Intermediate,False,2021-09-29
241,65,19,Advanced,False,2021-09-29
242,65,16,Advanced,True,2021-09-29
243,65,8,Intermediate,False,2021-09-29
244,65,1,Beginner,True,2021-09-29
245,66,20,Beginner,False,2020-07-05
246,66,17,Advanced,True,2020-07-05
247,66,10,Beginner,False,2020-07-05
248,66,13,Expert,False,2020-07-05
249,66,2,Intermediate,False,2020-07-05
250,66,9,Beginner,True,2020-07-05
251,67,18,Intermediate,False,2020-10-11
252,67,11,Beginner,True,2020-10-11
253,67,2,Advanced,True,2020-10-11
254,68,20,Advanced,True,2021-10-27
255,68,3,Beginner,True,2021-10-27
256,68,18,Expert,True,2021-10-27
257,68,16,Advanced,False,2021-10-27
258,68,5,Expert,False,2021-10-27
259,69,1,Intermediate,False,2021-04-29
260,69,2,Beginner,False,2021-04-29
261,69,20,Beginner,False,2021-04-29
262,70,5,Expert,True,2021-09-13
263,70,14,Advanced,False,2021-09-13
264,70,19,Intermediate,False,2021-09-13
265,70,20,Expert,True,2021-09-13
266,70,4,Intermediate,True,2021-09-13
267,71,19,Intermediate,False,2021-11-24
268,71,1,Beginner,True,2021-11-24
269,72,2,Intermediate,False,2022-03-12
270,72,3,Intermediate,False,2022-03-12
271,72,20,Beginner,False,2022-03-12
272,73,20,Expert,False,2022-04-22
273,73,8,Beginner,True,2022-04-22
274,73,10,Beginner,False,2022-04-22
275,73,5,Intermediate,False,2022-04-22
276,74,8,Advanced,True,2021-06-18
277,74,15,Advanced,False,2021-06-18
278,74,10,Beginner,True,2021-06-18
279,74,12,Advanced,False,2021-06-18
280,75,16,Intermediate,False,2022-05-22
281,75,9,Intermediate,True,2022-05-22
282,75,3,Advanced,True,2022-05-22
283,75,7,Beginner,True,2022-05-22
284,75,5,Expert,False,2022-05-22
285,75,14,Beginner,True,2022-05-22
286,76,2,Beginner,True,2021-05-21
287,76,9,Advanced,False,2021-05-21
288,76,19,Expert,True,2021-05-21
289,76,13,Expert,False,2021-05-21
290,76,10,Expert,True,2021-05-21
291,77,7,Expert,True,2022-06-20
292,77,13,Advanced,True,2022-06-20
293,77,6,Advanced,True,2022-06-20
294,78,11,Expert,False,2021-02-20
295,78,9,Beginner,True,2021-02-20
296,78,7,Expert,False,2021-02-20
297,78,1,Expert,False,2021-02-20
298,78,20,Advanced,True,2021-02-20
299,78,12,Expert,False,2021-02-20
300,79,5,Advanced,True,2020-08-14
301,79,1,Intermediate,False,2020-08-14
302,79,9,Advanced,False,2020-08-14
303,80,20,Advanced,False,2022-02-02
304,80,9,Advanced,True,2022-02-02
305,81,10,Advanced,False,2020-05-03
306,81,19,Intermediate,False,2020-05-03
307,82,1,Advanced,False,2021-05-10
308,82,15,Intermediate,False,2021-05-10
309,82,20,Beginner,True,2021-05-10
310,82,19,Advanced,False,2021-05-10
311,82,2,Beginner,False,2021-05-10
312,83,9,Expert,True,2020-07-02
313,83,20,Intermediate,True,2020-07-02
314,83,19,Intermediate,True,2020-07-02
315,84,4,Expert,False,2022-08-24
316,84,2,Beginner,True,2022-08-24
317,84,6,Beginner,False,2022-08-24
318,85,1,Intermediate,False,2020-12-14
319,85,12,Beginner,True,2020-12-14
320,85,18,Expert,True,2020-12-14
321,85,2,Beginner,True,2020-12-14
322,86,11,Expert,True,2021-08-13
323,86,19,Expert,False,2021-08-13
324,86,12,Intermediate,True,2021-08-13
325,87,20,Advanced,False,2021-07-25
326,87,12,Advanced,True,2021-07-25
327,87,11,Intermediate,False,2021-07-25
328,87,14,Beginner,False,2021-07-25
329,88,19,Intermediate,False,2020-10-31
330,88,1,Advanced,True,2020-10-31
331,88,4,Expert,True,2020-10-31
332,89,13,Intermediate,False,2020-08-04
333,89,3,Beginner,True,2020-08-04
334,89,19,Expert,False,2020-08-04
335,90,9,Advanced,True,2021-02-22
336,90,7,Advanced,True,2021-02-22
337,90,10,Expert,False,2021-02-22
338,90,8,Beginner,True,2021-02-22
339,91,14,Advanced,False,2021-12-04
340,91,12,Intermediate,False,2021-12-04
341,91,3,Expert,True,2021-12-04
342,91,19,Intermediate,True,2021-12-04
343,91,18,Expert,True,2021-12-04
344,92,9,Expert,False,2020-06-01
345,92,10,Intermediate,False,2020-06-01
346,92,11,Intermediate,True,2020-06-01
347,92,18,Expert,True,2020-06-01
348,92,4,Intermediate,True,2020-06-01
349,92,2,Expert,False,2020-06-01
350,93,16,Intermediate,True,2021-04-24
351,93,4,Intermediate,False,2021-04-24
352,93,5,Expert,False,2021-04-24
353,93,2,Intermediate,False,2021-04-24
354,93,14,Intermediate,False,2021-04-24
355,93,1,Beginner,False,2021-04-24
356,94,19,Advanced,False,2021-09-04
357,94,4,Expert,False,2021-09-04
358,94,2,Expert,False,2021-09-04
359,94,3,Expert,True,2021-09-04
360,95,19,Intermediate,True,2022-05-06
361,95,17,Advanced,False,2022-05-06
362,95,3,Expert,False,2022-05-06
363,96,6,Advanced,False,2020-07-04
364,96,17,Advanced,True,2020-07-04
365,96,9,Expert,False,2020-07-04
366,96,4,Advanced,False,2020-07-04
367,96,8,Advanced,True,2020-07-04
368,97,2,Advanced,False,2021-11-17
369,97,7,Beginner,False,2021-11-17
370,97,14,Advanced,True,2021-11-17
371,98,10,Expert,False,2020-02-07
372,98,9,Intermediate,True,2020-02-07
373,99,9,Intermediate,True,2022-06-09
374,99,4,Intermediate,True,2022-06-09
375,99,8,Beginner,True,2022-06-09
376,99,20,Intermediate,True,2022-06-09
377,100,1,Expert,True,2021-03-28
378,100,12,Expert,False,2021-03-28
379,100,7,Beginner,True,2021-03-28
380,100,10,Expert,False,2021-03-28
381,100,14,Expert,False,2021-03-28
382,101,5,Beginner,False,2021-05-11
383,101,9,Beginner,True,2021-05-11
384,102,11,Advanced,False,2021-02-21
385,102,6,Expert,True,2021-02-21
386,103,2,Advanced,True,2021-12-23
387,103,14,Beginner,True,2021-12-23
388,103,4,Intermediate,True,2021-12-23
389,103,17,Expert,True,2021-12-23
390,104,9,Expert,True,2022-08-01
391,104,16,Expert,False,2022-08-01
392,104,5,Intermediate,True,2022-08-01
393,105,17,Beginner,False,2020-10-16
394,105,7,Beginner,False,2020-10-16
395,106,20,Advanced,False,2021-05-10
396,106,7,Intermediate,False,2021-05-10
397,106,6,Expert,True,2021-05-10
398,106,2,Advanced,True,2021-05-10
399,106,14,Advanced,False,2021-05-10
400,106,12,Expert,False,2021-05-10
401,107,12,Beginner,False,2021-12-15
402,107,18,Expert,False,2021-12-15
403,107,16,Advanced,True,2021-12-15
404,107,10,Expert,True,2021-12-15
405,107,4,Intermediate,False,2021-12-15
406,107,19,Advanced,True,2021-12-15
407,108,13,Expert,True,2022-07-24
408,108,5,Beginner,False,2022-07-24
409,108,16,Advanced,True,2022-07-24
410,108,18,Expert,True,2022-07-24
411,109,11,Expert,False,2021-05-29
412,109,9,Expert,False,2021-05-29
413,109,20,Beginner,False,2021-05-29
414,109,14,Expert,True,2021-05-29
415,109,13,Advanced,True,2021-05-29
416,109,16,Advanced,False,2021-05-29
417,110,8,Advanced,True,2020-05-27
418,110,19,Beginner,True,2020-05-27
419,110,6,Expert,True,2020-05-27
420,110,7,Advanced,False,2020-05-27
421,110,4,Beginner,True,2020-05-27
422,111,7,Expert,True,2020-03-23
423,111,12,Advanced,True,2020-03-23
424,111,18,Advanced,False,2020-03-23
425,111,20,Expert,True,2020-03-23
426,111,6,Intermediate,True,2020-03-23
427,111,14,Beginner,True,2020-03-23
428,112,4,Advanced,False,2021-10-08
429,112,17,Beginner,True,2021-10-08
430,112,13,Intermediate,True,2021-10-08
431,112,16,Advanced,True,2021-10-08
432,112,2,Expert,False,2021-10-08
433,112,3,Intermediate,False,2021-10-08
434,113,3,Expert,True,2020-06-19
435,113,20,Beginner,True,2020-06-19
436,114,19,Intermediate,False,2021-03-17
437,114,13,Advanced,False,2021-03-17
438,115,1,Advanced,False,2021-09-16
439,115,10,Expert,False,2021-09-16
440,115,9,Expert,True,2021-09-16
441,115,15,Intermediate,False,2021-09-16
442,115,7,Advanced,False,2021-09-16
443,115,2,Advanced,True,2021-09-16
444,116,1,Expert,True,2021-10-15
445,116,16,Beginner,False,2021-10-15
446,116,13,Intermediate,False,2021-10-15
447,116,12,Advanced,False,2021-10-15
448,116,4,Beginner,False,2021-10-15
449,117,5,Intermediate,False,2021-03-28
450,117,3,Intermediate,True,2021-03-28
451,117,4,Intermediate,False,2021-03-28
452,117,6,Expert,True,2021-03-28
453,118,16,Expert,False,2022-05-23
454,118,9,Advanced,True,2022-05-23
455,119,11,Expert,True,2022-04-29
456,119,19,Advanced,True,2022-04-29
457,120,16,Expert,False,2021-09-13
458,120,18,Beginner,True,2021-09-13
459,120,20,Expert,True,2021-09-13
460,120,11,Expert,True,2021-09-13
461,120,8,Beginner,True,2021-09-13
462,120,6,Beginner,True,2021-09-13
463,121,15,Expert,False,2020-04-09
464,121,4,Intermediate,False,2020-04-09
465,121,2,Intermediate,False,2020-04-09
466,122,1,Advanced,False,2022-07-20
467,122,10,Advanced,True,2022-07-20
468,122,4,Intermediate,False,2022-07-20
469,122,14,Intermediate,False,2022-07-20
470,122,19,Advanced,False,2022-07-20
471,123,7,Beginner,False,2020-09-20
472,123,11,Expert,True,2020-09-20
473,123,5,Intermediate,False,2020-09-20
474,123,6,Beginner,True,2020-09-20
475,123,16,Advanced,True,2020-09-20
476,124,4,Advanced,True,2020-05-24
477,124,18,Beginner,False,2020-05-24
478,124,15,Intermediate,True,2020-05-24
479,125,18,Intermediate,False,2021-07-03
480,125,8,Advanced,False,2021-07-03
481,125,12,Advanced,False,2021-07-03
482,125,1,Expert,False,2021-07-03
483,126,18,Intermediate,False,2021-11-22
484,126,7,Intermediate,False,2021-11-22
485,126,3,Beginner,True,2021-11-22
486,126,5,Expert,False,2021-11-22
487,126,4,Advanced,False,2021-11-22
488,126,12,Intermediate,True,2021-11-22
489,127,8,Beginner,True,2020-03-05
490,127,7,Intermediate,True,2020-03-05
491,128,1,Expert,False,2020-11-07
492,128,11,Expert,False,2020-11-07
493,128,3,Advanced,True,2020-11-07
494,128,2,Intermediate,False,2020-11-07
495,128,5,Expert,False,2020-11-07
496,129,12,Intermediate,True,2022-08-30
497,129,10,Advanced,True,2022-08-30
498,129,17,Expert,False,2022-08-30
499,129,11,Expert,False,2022-08-30
500,129,3,Beginner,False,2022-08-30
501,130,6,Advanced,False,2021-02-21
502,130,1,Intermediate,True,2021-02-21
503,130,12,Expert,False,2021-02-21
504,130,15,Intermediate,True,2021-02-21
505,131,15,Intermediate,True,2021-12-03
506,131,12,Advanced,False,2021-12-03
507,131,17,Beginner,False,2021-12-03
508,132,17,Advanced,False,2020-04-03
509,132,1,Expert,True,2020-04-03
510,132,9,Advanced,False,2020-04-03
511,132,2,Beginner,True,2020-04-03
512,133,20,Beginner,True,2020-07-29
513,133,15,Advanced,True,2020-07-29
514,133,16,Intermediate,True,2020-07-29
515,133,6,Intermediate,True,2020-07-29
516,133,18,Expert,True,2020-07-29
517,134,15,Advanced,True,2022-05-29
518,134,2,Advanced,True,2022-05-29
519,135,1,Beginner,False,2021-01-01
520,135,11,Expert,True,2021-01-01
521,135,19,Beginner,True,2021-01-01
522,135,6,Intermediate,False,2021-01-01
523,135,12,Beginner,True,2021-01-01
524,135,9,Expert,True,2021-01-01
525,136,20,Intermediate,True,2022-01-29
526,136,7,Advanced,False,2022-01-29
527,136,17,Advanced,True,2022-01-29
528,136,14,Advanced,False,2022-01-29
529,137,3,Beginner,True,2021-08-30
530,137,19,Beginner,True,2021-08-30
531,137,15,Advanced,True,2021-08-30
532,137,20,Intermediate,True,2021-08-30
533,137,4,Intermediate,False,2021-08-30
534,137,18,Expert,True,2021-08-30
535,138,10,Advanced,True,2022-09-14
536,138,7,Expert,False,2022-09-14
537,138,5,Intermediate,False,2022-09-14
538,139,19,Intermediate,True,2022-07-09
539,139,11,Advanced,True,2022-07-09
540,139,14,Intermediate,False,2022-07-09
541,140,15,Advanced,False,2021-09-03
542,140,9,Advanced,False,2021-09-03
543,140,3,Intermediate,True,2021-09-03
544,140,16,Expert,True,2021-09-03
545,141,19,Advanced,False,2021-04-07
546,141,7,Beginner,True,2021-04-07
547,141,14,Advanced,True,2021-04-07
548,141,12,Expert,False,2021-04-07
549,141,10,Beginner,True,2021-04-07
550,141,4,Intermediate,False,2021-04-07
551,142,15,Advanced,False,2020-11-16
552,142,19,Beginner,False,2020-11-16
553,142,11,Beginner,False,2020-11-16
554,143,6,Expert,False,2021-03-18
555,143,14,Advanced,True,2021-03-18
556,144,12,Expert,True,2020-12-28
557,144,10,Beginner,False,2020-12-28
558,144,6,Expert,False,2020-12-28
559,145,16,Expert,False,2021-11-03
560,145,8,Advanced,True,2021-11-03
561,145,9,Intermediate,True,2021-11-03
562,145,12,Expert,False,2021-11-03
563,145,11,Advanced,False,2021-11-03
564,146,1,Intermediate,True,2020-08-19
565,146,6,Intermediate,False,2020-08-19
566,146,17,Beginner,True,2020-08-19
567,146,19,Advanced,True,2020-08-19
568,146,10,Advanced,False,2020-08-19
569,146,15,Expert,True,2020-08-19
570,147,1,Advanced,True,2020-10-06
571,147,5,Intermediate,True,2020-10-06
572,147,7,Intermediate,False,2020-10-06
573,147,6,Beginner,True,2020-10-06
574,147,10,Intermediate,False,2020-10-06
575,148,16,Advanced,True,2020-05-25
576,148,6,Expert,False,2020-05-25
577,149,16,Intermediate,True,2020-12-15
578,149,13,Expert,True,2020-12-15
579,149,15,Advanced,True,2020-12-15
580,150,11,Advanced,False,2020-06-10
581,150,10,Beginner,True,2020-06-10
582,150,14,Intermediate,True,2020-06-10
583,150,13,Advanced,False,2020-06-10
584,150,3,Advanced,True,2020-06-10
585,151,20,Intermediate,True,2020-10-06
586,151,13,Intermediate,False,2020-10-06
587,151,3,Expert,True,2020-10-06
588,151,8,Advanced,False,2020-10-06
589,151,5,Intermediate,False,2020-10-06
590,151,17,Intermediate,False,2020-10-06
591,152,13,Expert,True,2021-11-14
592,152,16,Intermediate,False,2021-11-14
593,152,2,Beginner,False,2021-11-14
594,152,9,Beginner,False,2021-11-14
595,153,13,Intermediate,False,2022-02-24
596,153,1,Intermediate,False,2022-02-24
597,154,1,Advanced,False,2020-05-12
598,154,16,Advanced,True,2020-05-12
599,154,13,Expert,False,2020-05-12
600,154,14,Expert,False,2020-05-12
601,154,2,Advanced,True,2020-05-12
602,155,14,Beginner,True,2020-02-13
603,155,18,Beginner,False,2020-02-13
604,155,13,Advanced,True,2020-02-13
605,156,20,Beginner,True,2021-10-17
606,156,15,Expert,False,2021-10-17
607,156,14,Advanced,True,2021-10-17
608,156,2,Advanced,False,2021-10-17
609,156,19,Expert,False,2021-10-17
610,156,5,Advanced,True,2021-10-17
611,157,9,Expert,False,2022-07-30
612,157,6,Advanced,True,2022-07-30
613,157,10,Beginner,False,2022-07-30
614,157,12,Beginner,False,2022-07-30
615,157,14,Intermediate,True,2022-07-30
616,157,1,Beginner,True,2022-07-30
617,158,5,Advanced,False,2022-06-10
618,158,16,Expert,True,2022-06-10
619,158,14,Expert,True,2022-06-10
620,159,11,Beginner,True,2020-12-25
621,159,12,Beginner,False,2020-12-25
622,160,3,Intermediate,False,2020-06-05
623,160,11,Beginner,False,2020-06-05
624,160,10,Beginner,True,2020-06-05
625,160,14,Advanced,False,2020-06-05
626,160,13,Intermediate,True,2020-06-05
627,160,1,Advanced,False,2020-06-05
628,161,14,Advanced,True,2020-11-19
629,161,9,Expert,True,2020-11-19
630,161,6,Advanced,False,2020-11-19
631,162,14,Beginner,False,2021-06-03
632,162,7,Intermediate,False,2021-06-03
633,163,15,Intermediate,True,2021-10-22
634,163,11,Advanced,True,2021-10-22
635,163,4,Beginner,False,2021-10-22
636,163,8,Expert,False,2021-10-22
637,164,11,Advanced,False,2022-07-19
638,164,18,Advanced,False,2022-07-19
639,164,13,Intermediate,False,2022-07-19
640,164,16,Expert,True,2022-07-19
641,164,1,Intermediate,False,2022-07-19
642,164,6,Advanced,False,2022-07-19
643,165,19,Expert,False,2020-04-15
644,165,3,Beginner,True,2020-04-15
645,166,12,Expert,True,2021-06-20
646,166,10,Intermediate,True,2021-06-20
647,166,19,Advanced,False,2021-06-20
648,166,11,Expert,True,2021-06-20
649,166,15,Advanced,False,2021-06-20
650,166,17,Intermediate,False,2021-06-20
651,167,5,Intermediate,True,2021-09-04
652,167,13,Advanced,True,2021-09-04
653,167,4,Intermediate,False,2021-09-04
654,167,18,Expert,False,2021-09-04
655,167,19,Intermediate,False,2021-09-04
656,167,17,Advanced,False,2021-09-04
657,168,4,Intermediate,False,2022-01-11
658,168,11,Expert,False,2022-01-11
659,168,17,Advanced,False,2022-01-11
660,168,13,Intermediate,True,2022-01-11
661,169,10,Intermediate,True,2021-12-16
662,169,1,Expert,False,2021-12-16
663,169,18,Expert,False,2021-12-16
664,169,11,Intermediate,True,2021-12-16
665,169,15,Intermediate,True,2021-12-16
666,170,20,Intermediate,True,2021-11-17
667,170,17,Expert,True,2021-11-17
668,170,3,Advanced,True,2021-11-17
669,170,14,Expert,True,2021-11-17
670,170,1,Intermediate,False,2021-11-17
671,170,6,Advanced,True,2021-11-17
672,171,16,Intermediate,False,2020-11-12
673,171,7,Beginner,True,2020-11-12
674,171,11,Intermediate,False,2020-11-12
675,172,8,Beginner,False,2020-03-20
676,172,15,Intermediate,True,2020-03-20
677,172,20,Expert,True,2020-03-20
678,172,6,Beginner,True,2020-03-20
679,172,19,Expert,False,2020-03-20
680,173,3,Expert,False,2020-05-14
681,173,14,Beginner,False,2020-05-14
682,173,9,Expert,True,2020-05-14
683,173,4,Advanced,False,2020-05-14
684,173,1,Expert,False,2020-05-14
685,174,4,Advanced,True,2021-02-24
686,174,5,Intermediate,False,2021-02-24
687,175,11,Advanced,True,2022-09-15
688,175,5,Advanced,True,2022-09-15
689,175,8,Expert,False,2022-09-15
690,175,16,Intermediate,False,2022-09-15
691,175,7,Advanced,False,2022-09-15
692,176,11,Intermediate,True,2022-03-07
693,176,15,Advanced,True,2022-03-07
694,176,9,Intermediate,False,2022-03-07
695,176,18,Advanced,False,2022-03-07
696,176,2,Advanced,True,2022-03-07
697,177,10,Intermediate,True,2021-10-18
698,177,16,Advanced,False,2021-10-18
699,177,15,Advanced,True,2021-10-18
700,177,20,Beginner,True,2021-10-18
701,177,5,Advanced,True,2021-10-18
702,177,12,Beginner,False,2021-10-18
703,178,17,Intermediate,False,2020-10-06
704,178,20,Intermediate,False,2020-10-06
705,178,13,Advanced,False,2020-10-06
706,178,16,Expert,True,2020-10-06
707,179,16,Beginner,False,2021-02-28
708,179,6,Intermediate,False,2021-02-28
709,179,20,Intermediate,True,2021-02-28
710,179,13,Intermediate,False,2021-02-28
711,179,1,Beginner,True,2021-02-28
712,179,11,Advanced,False,2021-02-28
713,180,19,Advanced,True,2020-01-29
714,180,1,Expert,True,2020-01-29
715,180,17,Advanced,True,2020-01-29
716,180,8,Advanced,True,2020-01-29
717,180,7,Beginner,False,2020-01-29
718,181,17,Intermediate,True,2022-05-01
719,181,8,Expert,True,2022-05-01
720,181,19,Beginner,False,2022-05-01
721,181,9,Advanced,True,2022-05-01
722,181,6,Intermediate,True,2022-05-01
723,181,12,Intermediate,False,2022-05-01
724,182,7,Intermediate,False,2022-05-05
725,182,8,Expert,True,2022-05-05
726,183,2,Expert,True,2020-05-04
727,183,11,Expert,True,2020-05-04
728,183,3,Beginner,True,2020-05-04
729,183,7,Expert,False,2020-05-04
730,183,16,Beginner,False,2020-05-04
731,183,20,Beginner,False,2020-05-04
732,184,19,Advanced,False,2021-09-03
733,184,15,Advanced,False,2021-09-03
734,184,1,Intermediate,False,2021-09-03
735,185,16,Intermediate,False,2021-09-21
736,185,17,Advanced,False,2021-09-21
737,185,10,Expert,True,2021-09-21
738,185,18,Intermediate,False,2021-09-21
739,185,9,Beginner,False,2021-09-21
740,185,14,Expert,False,2021-09-21
741,186,6,Advanced,True,2021-07-11
742,186,3,Expert,False,2021-07-11
743,186,14,Intermediate,True,2021-07-11
744,187,8,Advanced,False,2020-09-16
745,187,7,Advanced,False,2020-09-16
746,188,10,Intermediate,False,2020-02-15
747,188,7,Intermediate,True,2020-02-15
748,189,6,Expert,False,2020-03-05
749,189,20,Intermediate,False,2020-03-05
750,189,19,Expert,False,2020-03-05
751,189,11,Advanced,True,2020-03-05
752,189,16,Advanced,False,2020-03-05
753,190,11,Expert,False,2022-08-13
754,190,15,Beginner,False,2022-08-13
755,190,10,Beginner,False,2022-08-13
756,190,14,Advanced,True,2022-08-13
757,191,9,Advanced,False,2020-12-31
758,191,1,Beginner,False,2020-12-31
759,191,7,Expert,False,2020-12-31
760,191,18,Advanced,True,2020-12-31
761,191,20,Intermediate,False,2020-12-31
762,192,4,Advanced,False,2021-03-26
763,192,3,Expert,True,2021-03-26
764,192,8,Expert,False,2021-03-26
765,192,6,Intermediate,False,2021-03-26
766,193,19,Advanced,False,2022-01-14
767,193,13,Advanced,False,2022-01-14
768,193,2,Advanced,True,2022-01-14
769,193,4,Expert,True,2022-01-14
770,193,18,Beginner,False,2022-01-14
771,193,11,Expert,True,2022-01-14
772,194,19,Beginner,False,2020-03-22
773,194,10,Intermediate,False,2020-03-22
774,194,7,Advanced,False,2020-03-22
775,195,5,Advanced,False,2021-04-02
776,195,3,Expert,True,2021-04-02
777,196,11,Expert,False,2021-06-09
778,196,15,Advanced,True,2021-06-09
779,196,8,Advanced,False,2021-06-09
780,197,1,Expert,True,2020-08-29
781,197,5,Beginner,False,2020-08-29
782,197,4,Beginner,False,2020-08-29
783,197,14,Beginner,False,2020-08-29
784,197,17,Expert,False,2020-08-29
785,197,7,Advanced,True,2020-08-29
786,198,19,Beginner,True,2021-01-15
787,198,3,Beginner,False,2021-01-15
788,199,7,Intermediate,False,2020-10-12
789,199,3,Beginner,True,2020-10-12
790,199,14,Advanced,False,2020-10-12
791,199,9,Expert,True,2020-10-12
792,199,15,Expert,False,2020-10-12
793,199,8,Beginner,False,2020-10-12
794,200,1,Advanced,False,2022-03-04
795,200,8,Intermediate,False,2022-03-04
796,201,19,Expert,True,2022-05-23
797,201,11,Advanced,True,2022-05-23
798,201,18,Intermediate,True,2022-05-23
799,202,10,Beginner,True,2020-03-07
800,202,6,Intermediate,False,2020-03-07
801,202,4,Beginner,False,2020-03-07
802,203,8,Intermediate,False,2020-07-24
803,203,7,Advanced,True,2020-07-24
804,203,19,Intermediate,False,2020-07-24
805,203,10,Beginner,True,2020-07-24
806,204,4,Expert,True,2020-05-12
807,204,13,Expert,False,2020-05-12
808,204,1,Expert,True,2020-05-12
809,204,15,Intermediate,False,2020-05-12
810,204,7,Beginner,True,2020-05-12
811,205,17,Beginner,True,2020-03-16
812,205,19,Intermediate,True,2020-03-16
813,205,20,Expert,False,2020-03-16
814,206,14,Advanced,False,2021-10-17
815,206,7,Advanced,True,2021-10-17
816,206,19,Expert,True,2021-10-17
817,206,3,Beginner,False,2021-10-17
818,207,13,Beginner,False,2020-06-17
819,207,4,Advanced,True,2020-06-17
820,207,12,Beginner,False,2020-06-17
821,207,18,Expert,True,2020-06-17
822,207,10,Advanced,False,2020-06-17
823,208,5,Intermediate,True,2021-10-12
824,208,8,Intermediate,True,2021-10-12
825,209,16,Intermediate,False,2022-08-22
826,209,2,Advanced,False,2022-08-22
827,209,19,Intermediate,False,2022-08-22
828,210,6,Intermediate,False,2020-03-24
829,210,17,Beginner,True,2020-03-24
830,210,5,Beginner,False,2020-03-24
831,211,10,Advanced,False,2021-07-12
832,211,13,Beginner,True,2021-07-12
833,211,12,Advanced,True,2021-07-12
834,212,2,Intermediate,True,2021-12-06
835,212,5,Beginner,True,2021-12-06
836,212,14,Advanced,True,2021-12-06
837,212,20,Beginner,False,2021-12-06
838,212,13,Beginner,True,2021-12-06
839,213,15,Beginner,False,2020-05-27
840,213,14,Expert,False,2020-05-27
841,213,18,Advanced,True,2020-05-27
842,213,20,Advanced,False,2020-05-27
843,213,5,Beginner,False,2020-05-27
844,214,19,Intermediate,True,2021-04-22
845,214,7,Beginner,True,2021-04-22
846,214,5,Expert,False,2021-04-22
847,214,8,Beginner,True,2021-04-22
848,214,18,Intermediate,False,2021-04-22
849,215,10,Advanced,True,2022-06-03
850,215,11,Advanced,False,2022-06-03
851,215,15,Advanced,True,2022-06-03
852,216,2,Intermediate,True,2021-05-25
853,216,13,Intermediate,True,2021-05-25
854,216,20,Expert,False,2021-05-25
855,216,7,Beginner,False,2021-05-25
856,216,6,Expert,False,2021-05-25
857,216,1,Intermediate,False,2021-05-25
858,217,7,Advanced,False,2021-04-13
859,217,15,Advanced,True,2021-04-13
860,217,9,Advanced,False,2021-04-13
861,217,19,Expert,False,2021-04-13
862,217,4,Beginner,False,2021-04-13
863,218,9,Intermediate,True,2022-06-22
864,218,3,Intermediate,False,2022-06-22
865,218,12,Beginner,True,2022-06-22
866,218,14,Advanced,True,2022-06-22
867,218,1,Advanced,False,2022-06-22
868,218,20,Expert,False,2022-06-22
869,219,3,Intermediate,True,2022-01-14
870,219,17,Intermediate,False,2022-01-14
871,219,6,Intermediate,True,2022-01-14
872,219,13,Advanced,True,2022-01-14
873,219,7,Intermediate,False,2022-01-14
874,219,20,Intermediate,True,2022-01-14
875,220,20,Expert,True,2020-10-22
876,220,8,Advanced,True,2020-10-22
877,220,5,Expert,False,2020-10-22
878,221,17,Intermediate,False,2022-09-25
879,221,14,Beginner,True,2022-09-25
880,221,16,Advanced,False,2022-09-25
881,221,15,Intermediate,True,2022-09-25
882,221,11,Beginner,False,2022-09-25
883,222,5,Intermediate,False,2021-06-05
884,222,16,Intermediate,False,2021-06-05
885,222,6,Expert,True,2021-06-05
886,223,12,Advanced,True,2021-04-12
887,223,3,Expert,True,2021-04-12
888,223,8,Intermediate,True,2021-04-12
889,224,5,Advanced,True,2022-01-27
890,224,9,Expert,True,2022-01-27
891,224,11,Expert,False,2022-01-27
892,224,1,Beginner,False,2022-01-27
893,224,4,Intermediate,True,2022-01-27
894,225,9,Beginner,False,2022-04-15
895,225,2,Expert,True,2022-04-15
896,225,13,Expert,False,2022-04-15
897,225,20,Intermediate,True,2022-04-15
898,226,20,Intermediate,False,2021-04-30
899,226,12,Expert,False,2021-04-30
900,227,4,Advanced,False,2020-09-05
901,227,9,Advanced,False,2020-09-05
902,228,12,Expert,True,2021-12-08
903,228,3,Expert,True,2021-12-08
904,228,1,Expert,False,2021-12-08
905,228,4,Beginner,False,2021-12-08
906,229,20,Beginner,True,2020-07-31
907,229,19,Beginner,True,2020-07-31
908,229,13,Intermediate,False,2020-07-31
909,229,17,Expert,False,2020-07-31
910,229,18,Beginner,False,2020-07-31
911,229,1,Expert,False,2020-07-31
912,230,17,Intermediate,True,2020-12-16
913,230,2,Advanced,True,2020-12-16
914,230,13,Advanced,False,2020-12-16
915,230,14,Beginner,False,2020-12-16
916,230,1,Advanced,False,2020-12-16
917,230,4,Advanced,False,2020-12-16
918,231,9,Advanced,False,2020-11-01
919,231,15,Advanced,True,2020-11-01
920,231,2,Intermediate,False,2020-11-01
921,232,12,Advanced,True,2021-07-27
922,232,6,Advanced,False,2021-07-27
923,232,16,Beginner,True,2021-07-27
924,232,3,Expert,False,2021-07-27
925,232,11,Expert,True,2021-07-27
926,233,7,Expert,False,2022-09-04
927,233,9,Intermediate,True,2022-09-04
928,233,16,Advanced,True,2022-09-04
929,233,12,Beginner,True,2022-09-04
930,233,11,Advanced,False,2022-09-04
931,234,18,Beginner,False,2020-09-19
932,234,6,Advanced,True,2020-09-19
933,234,13,Advanced,False,2020-09-19
934,234,3,Expert,True,2020-09-19
935,234,7,Expert,True,2020-09-19
936,234,2,Advanced,True,2020-09-19
937,235,8,Intermediate,False,2020-04-21
938,235,15,Beginner,False,2020-04-21
939,235,2,Intermediate,True,2020-04-21
940,235,20,Intermediate,True,2020-04-21
941,236,7,Beginner,False,2020-04-12
942,236,5,Expert,False,2020-04-12
943,236,1,Intermediate,False,2020-04-12
944,236,10,Intermediate,False,2020-04-12
945,236,8,Expert,False,2020-04-12
946,237,9,Intermediate,False,2021-10-30
947,237,14,Advanced,True,2021-10-30
948,237,12,Intermediate,False,2021-10-30
949,237,18,Intermediate,True,2021-10-30
950,238,17,Advanced,True,2020-03-01
951,238,16,Intermediate,False,2020-03-01
952,239,8,Expert,False,2022-08-14
953,239,15,Expert,True,2022-08-14
954,239,9,Intermediate,True,2022-08-14
955,239,2,Expert,True,2022-08-14
956,239,19,Advanced,False,2022-08-14
957,239,10,Intermediate,True,2022-08-14
958,240,3,Expert,False,2021-08-04
959,240,9,Intermediate,False,2021-08-04
960,240,19,Intermediate,False,2021-08-04
961,240,1,Advanced,False,2021-08-04
962,241,8,Intermediate,False,2021-04-24
963,241,19,Beginner,True,2021-04-24
964,241,17,Advanced,True,2021-04-24
965,241,14,Beginner,True,2021-04-24
966,242,14,Intermediate,True,2022-01-24
967,242,6,Expert,True,2022-01-24
968,242,7,Advanced,True,2022-01-24
969,242,8,Beginner,False,2022-01-24
970,242,19,Expert,False,2022-01-24
971,242,20,Expert,False,2022-01-24
972,243,11,Advanced,False,2021-06-11
973,243,6,Intermediate,False,2021-06-11
974,243,4,Advanced,False,2021-06-11
975,244,6,Expert,True,2022-08-16
976,244,9,Intermediate,False,2022-08-16
977,245,11,Beginner,False,2021-08-19
978,245,15,Beginner,True,2021-08-19
979,246,2,Beginner,True,2020-11-10
980,246,12,Advanced,False,2020-11-10
981,246,4,Advanced,True,2020-11-10
982,246,6,Advanced,True,2020-11-10
983,246,1,Intermediate,True,2020-11-10
984,246,9,Expert,True,2020-11-10
985,247,7,Intermediate,False,2021-09-21
986,247,12,Intermediate,True,2021-09-21
987,247,4,Expert,True,2021-09-21
988,247,5,Beginner,True,2021-09-21
989,247,19,Advanced,False,2021-09-21
990,247,10,Beginner,False,2021-09-21
991,248,19,Beginner,False,2021-07-16
992,248,17,Intermediate,True,2021-07-16
993,248,6,Advanced,False,2021-07-16
994,249,13,Advanced,True,2021-12-21
995,249,15,Intermediate,False,2021-12-21
996,249,4,Intermediate,False,2021-12-21
997,249,3,Beginner,False,2021-12-21
998,249,11,Beginner,False,2021-12-21
999,249,18,Beginner,True,2021-12-21
1000,250,17,Expert,True,2020-12-01
1001,250,19,Advanced,False,2020-12-01
1002,250,18,Intermediate,False,2020-12-01
1003,250,20,Intermediate,False,2020-12-01
1004,251,13,Beginner,False,2021-04-01
1005,251,14,Beginner,False,2021-04-01
1006,251,20,Expert,False,2021-04-01
1007,251,3,Advanced,False,2021-04-01
1008,251,16,Advanced,True,2021-04-01
1009,252,2,Advanced,True,2021-04-18
1010,252,7,Beginner,True,2021-04-18
1011,252,3,Advanced,False,2021-04-18
1012,252,10,Intermediate,False,2021-04-18
1013,252,6,Beginner,False,2021-04-18
1014,252,11,Intermediate,False,2021-04-18
1015,253,7,Expert,True,2021-03-09
1016,253,4,Intermediate,False,2021-03-09
1017,254,7,Intermediate,True,2021-02-22
1018,254,16,Beginner,False,2021-02-22
1019,255,4,Intermediate,False,2020-03-23
1020,255,10,Intermediate,False,2020-03-23
1021,255,1,Intermediate,False,2020-03-23
1022,256,2,Expert,False,2021-02-06
1023,256,5,Intermediate,False,2021-02-06
1024,256,19,Expert,True,2021-02-06
1025,256,8,Expert,False,2021-02-06
1026,256,9,Expert,False,2021-02-06
1027,257,16,Expert,True,2021-01-23
1028,257,9,Expert,True,2021-01-23
1029,257,1,Intermediate,True,2021-01-23
1030,258,4,Expert,True,2022-02-22
1031,258,6,Intermediate,False,2022-02-22
1032,259,9,Advanced,False,2021-08-31
1033,259,13,Advanced,True,2021-08-31
1034,259,10,Beginner,False,2021-08-31
1035,260,3,Intermediate,True,2020-08-27
1036,260,18,Beginner,False,2020-08-27
1037,260,16,Expert,True,2020-08-27
1038,261,8,Expert,True,2021-09-04
1039,261,2,Beginner,True,2021-09-04
1040,262,14,Intermediate,False,2020-10-08
1041,262,12,Beginner,True,2020-10-08
1042,262,15,Intermediate,False,2020-10-08
1043,263,19,Intermediate,False,2020-11-22
1044,263,1,Advanced,True,2020-11-22
1045,264,15,Expert,True,2022-05-19
1046,264,7,Advanced,True,2022-05-19
1047,264,2,Intermediate,True,2022-05-19
1048,264,13,Intermediate,False,2022-05-19
1049,265,1,Intermediate,True,2021-06-26
1050,265,15,Advanced,True,2021-06-26
1051,265,3,Beginner,True,2021-06-26
1052,265,8,Expert,True,2021-06-26
1053,265,10,Intermediate,False,2021-06-26
1054,266,2,Beginner,False,2020-04-04
1055,266,5,Beginner,True,2020-04-04
1056,266,4,Expert,True,2020-04-04
1057,266,8,Intermediate,True,2020-04-04
1058,267,18,Expert,False,2022-04-03
1059,267,3,Intermediate,False,2022-04-03
1060,267,1,Advanced,False,2022-04-03
1061,267,16,Expert,False,2022-04-03
1062,267,13,Intermediate,False,2022-04-03
1063,267,5,Advanced,True,2022-04-03
1064,268,10,Advanced,True,2022-09-12
1065,268,6,Advanced,True,2022-09-12
1066,268,13,Expert,False,2022-09-12
1067,269,2,Intermediate,False,2021-01-24
1068,269,15,Intermediate,False,2021-01-24
1069,269,14,Intermediate,False,2021-01-24
1070,270,14,Expert,False,2022-04-02
1071,270,15,Advanced,False,2022-04-02
1072,270,19,Expert,True,2022-04-02
1073,270,18,Intermediate,True,2022-04-02
1074,270,13,Intermediate,True,2022-04-02
1075,271,7,Advanced,True,2022-06-03
1076,271,12,Expert,True,2022-06-03
1077,271,15,Expert,True,2022-06-03
1078,271,14,Expert,False,2022-06-03
1079,271,19,Expert,True,2022-06-03
1080,271,11,Intermediate,True,2022-06-03
1081,272,18,Expert,True,2020-08-23
1082,272,6,Expert,True,2020-08-23
1083,272,13,Intermediate,False,2020-08-23
1084,272,17,Intermediate,False,2020-08-23
1085,273,5,Expert,True,2020-06-21
1086,273,13,Intermediate,False,2020-06-21
1087,273,7,Advanced,True,2020-06-21
1088,273,20,Beginner,True,2020-06-21
1089,273,14,Beginner,True,2020-06-21
1090,273,6,Beginner,True,2020-06-21
1091,274,3,Intermediate,True,2022-08-25
1092,274,11,Advanced,True,2022-08-25
1093,274,12,Advanced,False,2022-08-25
1094,274,7,Expert,False,2022-08-25
1095,275,6,Intermediate,True,2020-08-11
1096,275,10,Intermediate,False,2020-08-11
1097,275,19,Beginner,False,2020-08-11
1098,275,4,Intermediate,False,2020-08-11
1099,276,8,Beginner,True,2021-07-18
1100,276,4,Intermediate,False,2021-07-18
1101,276,5,Expert,False,2021-07-18
1102,276,15,Expert,True,2021-07-18
1103,277,19,Expert,True,2022-04-12
1104,277,12,Expert,True,2022-04-12
1105,278,19,Beginner,True,2021-09-26
1106,278,12,Intermediate,False,2021-09-26
1107,278,11,Expert,True,2021-09-26
1108,278,3,Beginner,True,2021-09-26
1109,278,20,Advanced,False,2021-09-26
1110,279,12,Beginner,False,2021-08-01
1111,279,16,Intermediate,False,2021-08-01
1112,280,7,Beginner,False,2021-01-21
1113,280,17,Advanced,True,2021-01-21
1114,280,9,Beginner,True,2021-01-21
1115,280,19,Advanced,False,2021-01-21
1116,281,14,Beginner,False,2021-10-22
1117,281,11,Beginner,True,2021-10-22
1118,281,2,Beginner,True,2021-10-22
1119,281,9,Advanced,False,2021-10-22
1120,281,15,Intermediate,False,2021-10-22
1121,282,13,Advanced,False,2022-06-27
1122,282,2,Expert,False,2022-06-27
1123,282,9,Intermediate,False,2022-06-27
1124,282,20,Advanced,True,2022-06-27
1125,282,11,Expert,False,2022-06-27
1126,283,3,Beginner,True,2020-01-17
1127,283,15,Intermediate,True,2020-01-17
1128,283,20,Intermediate,True,2020-01-17
1129,283,11,Intermediate,False,2020-01-17
1130,284,5,Intermediate,True,2022-07-07
1131,284,19,Beginner,True,2022-07-07
1132,285,11,Intermediate,False,2021-03-23
1133,285,3,Advanced,True,2021-03-23
1134,286,4,Beginner,True,2021-05-17
1135,286,2,Beginner,False,2021-05-17
1136,286,5,Intermediate,True,2021-05-17
1137,286,7,Beginner,True,2021-05-17
1138,286,3,Expert,False,2021-05-17
1139,286,16,Intermediate,False,2021-05-17
1140,287,16,Advanced,True,2020-10-29
1141,287,6,Expert,True,2020-10-29
1142,287,20,Beginner,True,2020-10-29
1143,288,7,Intermediate,True,2021-02-02
1144,288,9,Beginner,True,2021-02-02
1145,288,5,Intermediate,False,2021-02-02
1146,289,6,Expert,False,2020-04-14
1147,289,13,Intermediate,False,2020-04-14
1148,289,10,Advanced,False,2020-04-14
1149,290,17,Advanced,True,2020-04-01
1150,290,1,Beginner,True,2020-04-01
1151,290,9,Beginner,False,2020-04-01
1152,291,2,Beginner,True,2021-02-01
1153,291,14,Advanced,False,2021-02-01
1154,291,3,Beginner,False,2021-02-01
1155,291,15,Advanced,False,2021-02-01
1156,292,16,Expert,False,2020-10-02
1157,292,12,Intermediate,True,2020-10-02
1158,292,20,Intermediate,True,2020-10-02
1159,292,10,Advanced,False,2020-10-02
1160,293,15,Expert,True,2020-11-02
1161,293,11,Intermediate,False,2020-11-02
1162,293,13,Expert,True,2020-11-02
1163,293,20,Intermediate,False,2020-11-02
1164,293,17,Expert,True,2020-11-02
1165,294,12,Intermediate,True,2020-05-18
1166,294,1,Beginner,True,2020-05-18
1167,294,14,Expert,False,2020-05-18
1168,294,6,Intermediate,False,2020-05-18
1169,294,5,Advanced,True,2020-05-18
1170,295,16,Intermediate,False,2022-04-15
1171,295,13,Advanced,True,2022-04-15
1172,296,16,Expert,True,2022-09-18
1173,296,20,Expert,True,2022-09-18
1174,296,14,Advanced,True,2022-09-18
1175,297,11,Advanced,True,2021-01-08
1176,297,16,Intermediate,False,2021-01-08
1177,298,14,Advanced,True,2020-08-02
1178,298,16,Advanced,False,2020-08-02
1179,298,1,Expert,True,2020-08-02
1180,299,5,Intermediate,False,2021-11-05
1181,299,17,Expert,True,2021-11-05
1182,299,10,Beginner,False,2021-11-05
1183,299,11,Advanced,False,2021-11-05
1184,299,12,Intermediate,True,2021-11-05
1185,299,13,Advanced,True,2021-11-05
1186,300,16,Advanced,True,2021-06-02
1187,300,9,Intermediate,False,2021-06-02
1188,300,18,Intermediate,True,2021-06-02
1189,300,11,Intermediate,False,2021-06-02
1190,301,16,Intermediate,False,2021-11-04
1191,301,1,Beginner,False,2021-11-04
1192,301,11,Expert,False,2021-11-04
1193,301,17,Beginner,False,2021-11-04
1194,301,4,Expert,True,2021-11-04
1195,301,7,Advanced,True,2021-11-04
1196,302,2,Beginner,False,2020-04-18
1197,302,16,Advanced,False,2020-04-18
1198,302,8,Intermediate,False,2020-04-18
1199,302,18,Advanced,False,2020-04-18
1200,303,20,Beginner,False,2021-02-04
1201,303,18,Beginner,True,2021-02-04
1202,303,7,Advanced,True,2021-02-04
1203,303,19,Expert,False,2021-02-04
1204,304,10,Intermediate,True,2022-07-31
1205,304,9,Advanced,True,2022-07-31
1206,305,14,Advanced,False,2021-05-09
1207,305,3,Intermediate,False,2021-05-09
1208,306,18,Advanced,False,2022-04-09
1209,306,6,Advanced,True,2022-04-09
1210,306,15,Expert,False,2022-04-09
1211,306,11,Intermediate,True,2022-04-09
1212,306,4,Advanced,True,2022-04-09
1213,307,2,Expert,False,2020-06-12
1214,307,11,Intermediate,False,2020-06-12
1215,308,18,Intermediate,False,2020-01-30
1216,308,1,Beginner,False,2020-01-30
1217,308,14,Advanced,True,2020-01-30
1218,308,11,Beginner,True,2020-01-30
1219,308,13,Expert,True,2020-01-30
1220,309,5,Beginner,True,2020-10-12
1221,309,20,Intermediate,True,2020-10-12
1222,310,12,Advanced,True,2021-04-13
1223,310,11,Expert,False,2021-04-13
1224,310,3,Beginner,False,2021-04-13
1225,310,14,Expert,True,2021-04-13
1226,311,3,Advanced,True,2020-04-26
1227,311,7,Intermediate,True,2020-04-26
1228,311,15,Beginner,True,2020-04-26
1229,311,6,Intermediate,False,2020-04-26
1230,311,4,Beginner,True,2020-04-26
1231,311,13,Intermediate,True,2020-04-26
1232,312,5,Advanced,False,2020-04-30
1233,312,17,Expert,True,2020-04-30
1234,312,11,Advanced,False,2020-04-30
1235,313,14,Beginner,True,2020-05-21
1236,313,18,Intermediate,True,2020-05-21
1237,314,8,Beginner,False,2020-10-22
1238,314,19,Beginner,False,2020-10-22
1239,314,16,Intermediate,False,2020-10-22
1240,315,5,Advanced,False,2020-07-18
1241,315,18,Advanced,False,2020-07-18
1242,315,1,Intermediate,True,2020-07-18
1243,316,9,Beginner,False,2022-05-10
1244,316,11,Expert,True,2022-05-10
1245,316,7,Expert,False,2022-05-10
1246,316,19,Intermediate,True,2022-05-10
1247,316,20,Beginner,True,2022-05-10
1248,316,18,Expert,True,2022-05-10
1249,317,7,Intermediate,False,2020-10-08
1250,317,19,Advanced,False,2020-10-08
1251,317,10,Beginner,True,2020-10-08
1252,318,9,Intermediate,True,2020-04-26
1253,318,7,Advanced,True,2020-04-26
1254,318,17,Expert,False,2020-04-26
1255,318,1,Advanced,False,2020-04-26
1256,318,10,Expert,True,2020-04-26
1257,318,18,Expert,False,2020-04-26
1258,319,20,Beginner,True,2022-01-23
1259,319,10,Beginner,True,2022-01-23
1260,319,8,Advanced,True,2022-01-23
1261,319,3,Advanced,False,2022-01-23
1262,319,4,Expert,True,2022-01-23
1263,319,15,Beginner,True,2022-01-23
1264,320,7,Beginner,False,2022-06-05
1265,320,20,Expert,True,2022-06-05
1266,320,14,Advanced,True,2022-06-05
1267,320,12,Beginner,False,2022-06-05
1268,321,9,Beginner,True,2020-05-22
1269,321,15,Expert,True,2020-05-22
1270,321,7,Beginner,True,2020-05-22
1271,322,8,Advanced,False,2021-12-21
1272,322,15,Beginner,False,2021-12-21
1273,323,5,Beginner,False,2020-10-10
1274,323,7,Expert,True,2020-10-10
1275,324,16,Expert,False,2020-05-25
1276,324,14,Intermediate,True,2020-05-25
1277,325,2,Advanced,True,2022-02-06
1278,325,3,Advanced,True,2022-02-06
1279,325,9,Intermediate,False,2022-02-06
1280,325,10,Beginner,True,2022-02-06
1281,325,16,Expert,False,2022-02-06
1282,325,4,Intermediate,True,2022-02-06
1283,326,12,Expert,True,2022-09-22
1284,326,3,Advanced,False,2022-09-22
1285,326,20,Intermediate,False,2022-09-22
1286,326,15,Advanced,False,2022-09-22
1287,327,19,Expert,False,2020-10-01
1288,327,13,Advanced,True,2020-10-01
1289,327,12,Expert,False,2020-10-01
1290,328,14,Advanced,False,2022-02-19
1291,328,3,Expert,False,2022-02-19
1292,328,9,Intermediate,True,2022-02-19
1293,328,5,Advanced,True,2022-02-19
1294,329,11,Expert,True,2021-04-12
1295,329,18,Expert,True,2021-04-12
1296,329,6,Beginner,True,2021-04-12
1297,329,5,Beginner,False,2021-04-12
1298,329,7,Intermediate,True,2021-04-12
1299,329,14,Advanced,False,2021-04-12
1300,330,11,Expert,False,2021-11-01
1301,330,12,Intermediate,False,2021-11-01
1302,331,4,Beginner,True,2021-12-17
1303,331,8,Expert,True,2021-12-17
1304,331,15,Beginner,False,2021-12-17
1305,331,5,Intermediate,False,2021-12-17
1306,331,7,Advanced,True,2021-12-17
1307,332,4,Beginner,True,2020-03-20
1308,332,7,Intermediate,True,2020-03-20
1309,332,1,Beginner,False,2020-03-20
1310,332,18,Expert,True,2020-03-20
1311,332,17,Expert,False,2020-03-20
1312,332,5,Expert,True,2020-03-20
1313,333,10,Expert,False,2022-05-30
1314,333,11,Beginner,False,2022-05-30
1315,333,13,Beginner,False,2022-05-30
1316,333,12,Advanced,False,2022-05-30
1317,333,7,Beginner,False,2022-05-30
1318,333,5,Expert,False,2022-05-30
1319,334,4,Beginner,False,2020-11-16
1320,334,14,Beginner,False,2020-11-16
1321,334,12,Advanced,True,2020-11-16
1322,334,16,Beginner,True,2020-11-16
1323,334,1,Beginner,False,2020-11-16
1324,334,7,Expert,False,2020-11-16
1325,335,20,Advanced,False,2021-10-27
1326,335,16,Expert,True,2021-10-27
1327,335,2,Expert,True,2021-10-27
1328,336,5,Beginner,False,2020-03-29
1329,336,19,Beginner,True,2020-03-29
1330,337,9,Beginner,False,2020-09-10
1331,337,19,Intermediate,False,2020-09-10
1332,337,13,Advanced,True,2020-09-10
1333,337,2,Beginner,False,2020-09-10
1334,337,20,Advanced,False,2020-09-10
1335,338,5,Intermediate,False,2022-06-15
1336,338,3,Expert,True,2022-06-15
1337,339,13,Expert,True,2020-02-25
1338,339,6,Advanced,True,2020-02-25
1339,340,11,Intermediate,False,2022-06-29
1340,340,19,Beginner,True,2022-06-29
1341,340,16,Intermediate,True,2022-06-29
1342,341,20,Expert,False,2021-11-30
1343,341,19,Advanced,False,2021-11-30
1344,341,1,Beginner,False,2021-11-30
1345,342,4,Expert,True,2020-02-10
1346,342,14,Beginner,True,2020-02-10
1347,342,16,Advanced,False,2020-02-10
1348,342,2,Expert,False,2020-02-10
1349,342,9,Intermediate,True,2020-02-10
1350,342,7,Beginner,True,2020-02-10
1351,343,3,Intermediate,False,2021-02-15
1352,343,19,Advanced,False,2021-02-15
1353,343,6,Expert,True,2021-02-15
1354,344,19,Beginner,True,2021-06-07
1355,344,14,Intermediate,True,2021-06-07
1356,344,4,Advanced,True,2021-06-07
1357,345,1,Beginner,False,2021-03-23
1358,345,12,Beginner,False,2021-03-23
1359,345,2,Intermediate,False,2021-03-23
1360,345,17,Intermediate,False,2021-03-23
1361,345,20,Intermediate,True,2021-03-23
1362,346,16,Expert,True,2021-09-15
1363,346,20,Intermediate,True,2021-09-15
1364,346,7,Intermediate,True,2021-09-15
1365,346,4,Expert,True,2021-09-15
1366,346,6,Intermediate,True,2021-09-15
1367,347,12,Expert,True,2022-09-02
1368,347,8,Advanced,False,2022-09-02
1369,347,9,Beginner,True,2022-09-02
1370,347,14,Advanced,False,2022-09-02
1371,347,2,Expert,True,2022-09-02
1372,348,16,Intermediate,True,2022-03-10
1373,348,17,Advanced,False,2022-03-10
1374,348,14,Beginner,False,2022-03-10
1375,349,1,Beginner,False,2020-03-06
1376,349,14,Advanced,False,2020-03-06
1377,349,3,Advanced,False,2020-03-06
1378,349,18,Advanced,False,2020-03-06
1379,349,5,Advanced,False,2020-03-06
1380,349,13,Expert,False,2020-03-06
1381,350,19,Beginner,False,2020-06-19
1382,350,18,Advanced,True,2020-06-19
1383,350,5,Advanced,False,2020-06-19
1384,350,16,Advanced,False,2020-06-19
1385,350,11,Intermediate,False,2020-06-19
1386,351,8,Advanced,True,2021-06-05
1387,351,19,Advanced,False,2021-06-05
1388,351,7,Advanced,False,2021-06-05
1389,351,12,Expert,True,2021-06-05
1390,352,5,Expert,True,2020-07-02
1391,352,10,Beginner,False,2020-07-02
1392,352,7,Intermediate,True,2020-07-02
1393,352,12,Advanced,True,2020-07-02
1394,352,11,Expert,False,2020-07-02
1395,352,4,Intermediate,False,2020-07-02
1396,353,9,Advanced,True,2021-03-02
1397,353,19,Advanced,True,2021-03-02
1398,353,15,Expert,False,2021-03-02
1399,353,11,Beginner,True,2021-03-02
1400,353,5,Intermediate,False,2021-03-02
1401,354,15,Intermediate,False,2020-08-16
1402,354,18,Beginner,False,2020-08-16
1403,354,9,Expert,True,2020-08-16
1404,354,17,Expert,False,2020-08-16
1405,354,14,Expert,False,2020-08-16
1406,355,5,Beginner,False,2020-03-29
1407,355,6,Beginner,True,2020-03-29
1408,356,9,Advanced,True,2021-01-12
1409,356,4,Beginner,False,2021-01-12
1410,357,2,Beginner,True,2020-01-25
1411,357,19,Advanced,False,2020-01-25
1412,357,20,Advanced,False,2020-01-25
1413,358,8,Advanced,True,2021-01-20
1414,358,20,Intermediate,True,2021-01-20
1415,358,9,Advanced,True,2021-01-20
1416,359,13,Beginner,True,2022-09-22
1417,359,7,Beginner,False,2022-09-22
1418,359,18,Expert,True,2022-09-22
1419,360,8,Intermediate,True,2022-09-24
1420,360,14,Expert,True,2022-09-24
1421,361,8,Beginner,True,2021-08-04
1422,361,9,Advanced,False,2021-08-04
1423,361,4,Expert,False,2021-08-04
1424,362,8,Expert,False,2022-05-01
1425,362,4,Expert,True,2022-05-01
1426,362,3,Expert,False,2022-05-01
1427,363,18,Intermediate,False,2022-03-09
1428,363,9,Expert,False,2022-03-09
1429,364,1,Expert,True,2020-05-03
1430,364,16,Advanced,True,2020-05-03
1431,364,17,Beginner,False,2020-05-03
1432,364,13,Intermediate,False,2020-05-03
1433,365,7,Expert,False,2020-06-10
1434,365,11,Intermediate,False,2020-06-10
1435,365,12,Intermediate,False,2020-06-10
1436,366,16,Beginner,False,2020-09-11
1437,366,1,Advanced,False,2020-09-11
1438,366,8,Expert,True,2020-09-11
1439,366,3,Expert,False,2020-09-11
1440,366,15,Expert,False,2020-09-11
1441,366,12,Beginner,False,2020-09-11
1442,367,12,Advanced,False,2022-09-01
1443,367,8,Intermediate,True,2022-09-01
1444,367,9,Intermediate,True,2022-09-01
1445,367,20,Beginner,False,2022-09-01
1446,368,2,Beginner,True,2022-04-03
1447,368,8,Advanced,True,2022-04-03
1448,368,3,Advanced,False,2022-04-03
1449,368,6,Intermediate,False,2022-04-03
1450,369,14,Intermediate,False,2021-01-16
1451,369,9,Advanced,True,2021-01-16
1452,369,6,Beginner,True,2021-01-16
1453,370,20,Intermediate,False,2022-07-13
1454,370,2,Expert,False,2022-07-13
1455,371,8,Beginner,True,2020-06-21
1456,371,1,Beginner,False,2020-06-21
1457,371,7,Intermediate,True,2020-06-21
1458,372,18,Intermediate,True,2020-08-07
1459,372,12,Advanced,True,2020-08-07
1460,372,6,Advanced,True,2020-08-07
1461,372,5,Beginner,False,2020-08-07
1462,372,20,Intermediate,True,2020-08-07
1463,373,16,Intermediate,True,2021-02-25
1464,373,5,Advanced,False,2021-02-25
1465,374,8,Intermediate,True,2021-10-20
1466,374,15,Beginner,False,2021-10-20
1467,374,6,Intermediate,True,2021-10-20
1468,374,4,Advanced,False,2021-10-20
1469,374,20,Expert,False,2021-10-20
1470,375,18,Expert,False,2021-07-11
1471,375,13,Expert,True,2021-07-11
1472,375,17,Expert,True,2021-07-11
1473,375,15,Beginner,True,2021-07-11
1474,375,12,Beginner,False,2021-07-11
1475,375,19,Advanced,True,2021-07-11
1476,376,14,Advanced,False,2020-01-27
1477,376,13,Intermediate,True,2020-01-27
1478,376,19,Intermediate,False,2020-01-27
1479,376,10,Intermediate,False,2020-01-27
1480,376,12,Intermediate,False,2020-01-27
1481,376,1,Expert,True,2020-01-27
1482,377,1,Advanced,False,2020-08-26
1483,377,8,Expert,False,2020-08-26
1484,377,15,Expert,False,2020-08-26
1485,378,15,Beginner,True,2022-05-16
1486,378,5,Intermediate,True,2022-05-16
1487,378,14,Advanced,False,2022-05-16
1488,379,12,Expert,False,2020-01-29
1489,379,15,Beginner,False,2020-01-29
1490,380,17,Expert,True,2020-11-12
1491,380,18,Advanced,False,2020-11-12
1492,380,16,Intermediate,False,2020-11-12
1493,380,2,Intermediate,True,2020-11-12
1494,381,5,Advanced,True,2021-05-04
1495,381,18,Beginner,True,2021-05-04
1496,382,12,Expert,False,2020-01-23
1497,382,1,Advanced,False,2020-01-23
1498,382,15,Advanced,True,2020-01-23
1499,382,13,Beginner,False,2020-01-23
1500,382,11,Expert,False,2020-01-23
1501,382,17,Beginner,True,2020-01-23
1502,383,13,Advanced,True,2020-04-13
1503,383,11,Intermediate,True,2020-04-13
1504,383,15,Beginner,False,2020-04-13
1505,384,13,Advanced,True,2021-12-25
1506,384,8,Intermediate,True,2021-12-25
1507,384,2,Expert,True,2021-12-25
1508,384,18,Expert,True,2021-12-25
1509,385,18,Beginner,True,2021-12-06
1510,385,19,Beginner,False,2021-12-06
1511,385,9,Expert,True,2021-12-06
1512,385,7,Intermediate,False,2021-12-06
1513,385,1,Intermediate,False,2021-12-06
1514,386,3,Advanced,False,2021-09-08
1515,386,15,Expert,False,2021-09-08
1516,387,18,Advanced,True,2020-12-21
1517,387,20,Intermediate,True,2020-12-21
1518,387,11,Expert,False,2020-12-21
1519,387,19,Advanced,False,2020-12-21
1520,387,5,Advanced,False,2020-12-21
1521,387,17,Expert,True,2020-12-21
1522,388,10,Intermediate,True,2020-08-02
1523,388,9,Expert,True,2020-08-02
1524,388,4,Beginner,False,2020-08-02
1525,388,5,Expert,False,2020-08-02
1526,388,8,Expert,False,2020-08-02
1527,388,14,Advanced,True,2020-08-02
1528,389,6,Advanced,True,2022-01-20
1529,389,16,Expert,False,2022-01-20
1530,389,3,Expert,True,2022-01-20
1531,390,16,Advanced,True,2022-03-18
1532,390,1,Expert,False,2022-03-18
1533,390,11,Expert,True,2022-03-18
1534,390,12,Expert,False,2022-03-18
1535,390,4,Intermediate,False,2022-03-18
1536,391,20,Intermediate,False,2020-09-24
1537,391,6,Expert,True,2020-09-24
1538,391,11,Beginner,True,2020-09-24
1539,392,1,Expert,False,2021-08-31
1540,392,5,Beginner,True,2021-08-31
1541,393,1,Intermediate,True,2020-04-13
1542,393,16,Intermediate,False,2020-04-13
1543,394,12,Intermediate,False,2020-08-31
1544,394,19,Advanced,True,2020-08-31
1545,394,3,Beginner,True,2020-08-31
1546,394,2,Beginner,True,2020-08-31
1547,395,6,Beginner,False,2020-01-04
1548,395,13,Advanced,True,2020-01-04
1549,395,16,Advanced,True,2020-01-04
1550,396,15,Intermediate,True,2020-01-27
1551,396,9,Expert,True,2020-01-27
1552,397,2,Expert,False,2021-05-15
1553,397,13,Advanced,False,2021-05-15
1554,397,11,Advanced,False,2021-05-15
1555,397,6,Expert,True,2021-05-15
1556,398,11,Intermediate,True,2021-01-13
1557,398,7,Beginner,True,2021-01-13
1558,398,8,Beginner,True,2021-01-13
1559,398,15,Intermediate,True,2021-01-13
1560,399,5,Advanced,True,2021-07-31
1561,399,20,Expert,False,2021-07-31
1562,399,3,Expert,True,2021-07-31
1563,399,10,Advanced,True,2021-07-31
1564,399,11,Expert,True,2021-07-31
1565,400,6,Beginner,True,2020-03-03
1566,400,13,Beginner,False,2020-03-03
1567,400,7,Expert,True,2020-03-03
1568,400,12,Expert,False,2020-03-03
1569,401,11,Advanced,True,2020-03-21
1570,401,15,Beginner,True,2020-03-21
1571,401,5,Advanced,False,2020-03-21
1572,401,20,Beginner,False,2020-03-21
1573,401,14,Advanced,True,2020-03-21
1574,402,5,Expert,False,2020-06-26
1575,402,8,Intermediate,True,2020-06-26
1576,403,2,Advanced,True,2022-04-22
1577,403,1,Beginner,False,2022-04-22
1578,403,12,Intermediate,True,2022-04-22
1579,403,11,Intermediate,False,2022-04-22
1580,403,18,Advanced,False,2022-04-22
1581,404,19,Advanced,False,2021-02-10
1582,404,7,Beginner,False,2021-02-10
1583,404,14,Advanced,True,2021-02-10
1584,404,2,Expert,True,2021-02-10
1585,404,15,Expert,False,2021-02-10
1586,404,12,Expert,True,2021-02-10
1587,405,19,Advanced,True,2020-06-02
1588,405,8,Intermediate,False,2020-06-02
1589,405,15,Expert,False,2020-06-02
1590,405,9,Beginner,True,2020-06-02
1591,406,8,Intermediate,False,2020-09-27
1592,406,15,Beginner,False,2020-09-27
1593,407,3,Expert,True,2020-05-27
1594,407,9,Advanced,True,2020-05-27
1595,408,19,Intermediate,False,2022-07-07
1596,408,7,Advanced,True,2022-07-07
1597,408,18,Intermediate,True,2022-07-07
1598,408,10,Expert,True,2022-07-07
1599,408,4,Advanced,True,2022-07-07
1600,409,1,Advanced,False,2020-05-17
1601,409,4,Expert,True,2020-05-17
1602,409,5,Expert,True,2020-05-17
1603,409,9,Intermediate,False,2020-05-17
1604,409,6,Beginner,False,2020-05-17
1605,410,18,Intermediate,True,2020-08-04
1606,410,20,Beginner,True,2020-08-04
1607,410,3,Beginner,False,2020-08-04
1608,410,19,Intermediate,True,2020-08-04
1609,411,11,Expert,False,2020-11-14
1610,411,4,Beginner,False,2020-11-14
1611,411,17,Beginner,False,2020-11-14
1612,411,15,Intermediate,False,2020-11-14
1613,411,19,Intermediate,False,2020-11-14
1614,412,20,Beginner,True,2022-06-15
1615,412,3,Intermediate,False,2022-06-15
1616,413,17,Expert,False,2020-07-22
1617,413,18,Beginner,False,2020-07-22
1618,413,7,Expert,False,2020-07-22
1619,414,17,Intermediate,True,2021-05-15
1620,414,13,Intermediate,False,2021-05-15
1621,415,3,Advanced,True,2022-05-07
1622,415,8,Beginner,True,2022-05-07
1623,415,16,Expert,True,2022-05-07
1624,415,15,Beginner,False,2022-05-07
1625,415,13,Beginner,False,2022-05-07
1626,415,6,Advanced,False,2022-05-07
1627,416,11,Beginner,True,2021-10-24
1628,416,15,Beginner,True,2021-10-24
1629,417,5,Beginner,False,2022-07-22
1630,417,16,Intermediate,False,2022-07-22
1631,417,19,Expert,False,2022-07-22
1632,417,11,Beginner,True,2022-07-22
1633,417,4,Beginner,False,2022-07-22
1634,417,10,Intermediate,False,2022-07-22
1635,418,5,Advanced,True,2022-07-05
1636,418,9,Expert,False,2022-07-05
1637,418,11,Advanced,False,2022-07-05
1638,418,14,Beginner,True,2022-07-05
1639,418,3,Advanced,False,2022-07-05
1640,419,3,Beginner,False,2020-04-14
1641,419,5,Beginner,True,2020-04-14
1642,419,17,Advanced,False,2020-04-14
1643,420,4,Intermediate,True,2020-04-20
1644,420,6,Advanced,False,2020-04-20
1645,420,7,Beginner,False,2020-04-20
1646,420,3,Advanced,True,2020-04-20
1647,421,2,Advanced,True,2021-12-29
1648,421,10,Intermediate,True,2021-12-29
1649,421,14,Beginner,True,2021-12-29
1650,421,3,Beginner,False,2021-12-29
1651,421,11,Beginner,False,2021-12-29
1652,422,13,Intermediate,True,2020-11-23
1653,422,18,Beginner,False,2020-11-23
1654,422,4,Intermediate,True,2020-11-23
1655,422,9,Beginner,True,2020-11-23
1656,423,7,Expert,True,2021-02-01
1657,423,5,Advanced,True,2021-02-01
1658,423,6,Expert,True,2021-02-01
1659,423,17,Beginner,False,2021-02-01
1660,423,8,Intermediate,False,2021-02-01
1661,424,17,Intermediate,False,2021-07-01
1662,424,10,Expert,False,2021-07-01
1663,424,12,Advanced,True,2021-07-01
1664,425,4,Expert,True,2021-04-27
1665,425,14,Advanced,True,2021-04-27
1666,425,9,Intermediate,True,2021-04-27
1667,425,16,Intermediate,True,2021-04-27
1668,425,1,Beginner,True,2021-04-27
1669,425,2,Intermediate,True,2021-04-27
1670,426,13,Intermediate,False,2020-08-16
1671,426,5,Beginner,True,2020-08-16
1672,427,4,Beginner,False,2021-04-26
1673,427,1,Intermediate,False,2021-04-26
1674,427,14,Intermediate,True,2021-04-26
1675,428,12,Expert,False,2020-02-25
1676,428,11,Advanced,False,2020-02-25
1677,429,5,Advanced,True,2022-06-02
1678,429,7,Intermediate,False,2022-06-02
1679,429,13,Expert,False,2022-06-02
1680,430,2,Intermediate,True,2021-04-07
1681,430,9,Beginner,False,2021-04-07
1682,430,1,Advanced,True,2021-04-07
1683,430,14,Expert,True,2021-04-07
1684,430,15,Advanced,True,2021-04-07
1685,431,9,Expert,True,2021-09-21
1686,431,6,Expert,False,2021-09-21
1687,431,14,Advanced,True,2021-09-21
1688,431,1,Expert,True,2021-09-21
1689,432,16,Expert,True,2020-07-23
1690,432,13,Expert,True,2020-07-23
1691,432,9,Beginner,True,2020-07-23
1692,432,6,Expert,False,2020-07-23
1693,433,18,Beginner,False,2020-01-05
1694,433,17,Advanced,False,2020-01-05
1695,433,5,Beginner,False,2020-01-05
1696,434,10,Advanced,False,2021-05-30
1697,434,13,Intermediate,True,2021-05-30
1698,434,1,Expert,True,2021-05-30
1699,434,3,Intermediate,True,2021-05-30
1700,434,4,Advanced,False,2021-05-30
1701,434,16,Advanced,True,2021-05-30
1702,435,7,Advanced,False,2022-01-15
1703,435,6,Intermediate,False,2022-01-15
1704,435,4,Advanced,True,2022-01-15
1705,435,10,Expert,False,2022-01-15
1706,435,14,Intermediate,True,2022-01-15
1707,436,2,Intermediate,False,2022-02-07
1708,436,11,Expert,True,2022-02-07
1709,436,12,Expert,True,2022-02-07
1710,436,16,Beginner,True,2022-02-07
1711,437,5,Expert,True,2020-01-23
1712,437,8,Beginner,False,2020-01-23
1713,437,14,Intermediate,True,2020-01-23
1714,437,2,Intermediate,True,2020-01-23
1715,437,7,Advanced,True,2020-01-23
1716,437,19,Beginner,False,2020-01-23
1717,438,19,Beginner,False,2021-09-30
1718,438,14,Expert,True,2021-09-30
1719,439,11,Beginner,True,2021-03-30
1720,439,8,Advanced,True,2021-03-30
1721,440,16,Intermediate,True,2021-03-06
1722,440,9,Expert,True,2021-03-06
1723,441,11,Advanced,True,2021-06-07
1724,441,4,Expert,False,2021-06-07
1725,441,3,Advanced,False,2021-06-07
1726,441,17,Intermediate,True,2021-06-07
1727,441,8,Beginner,True,2021-06-07
1728,442,7,Beginner,True,2020-07-23
1729,442,6,Intermediate,True,2020-07-23
1730,442,19,Intermediate,True,2020-07-23
1731,442,8,Advanced,False,2020-07-23
1732,443,15,Intermediate,True,2021-07-15
1733,443,8,Beginner,True,2021-07-15
1734,444,10,Intermediate,False,2022-05-05
1735,444,14,Expert,True,2022-05-05
1736,444,5,Intermediate,False,2022-05-05
1737,444,3,Beginner,True,2022-05-05
1738,445,4,Intermediate,False,2021-10-21
1739,445,3,Beginner,False,2021-10-21
1740,445,6,Intermediate,True,2021-10-21
1741,445,7,Advanced,False,2021-10-21
1742,445,19,Expert,True,2021-10-21
1743,446,18,Expert,False,2022-05-22
1744,446,19,Advanced,False,2022-05-22
1745,446,7,Intermediate,True,2022-05-22
1746,446,15,Intermediate,False,2022-05-22
1747,446,14,Advanced,False,2022-05-22
1748,446,3,Expert,True,2022-05-22
1749,447,4,Expert,False,2022-05-22
1750,447,5,Intermediate,True,2022-05-22
1751,447,2,Intermediate,True,2022-05-22
1752,447,8,Intermediate,True,2022-05-22
1753,447,20,Beginner,True,2022-05-22
1754,447,9,Intermediate,True,2022-05-22
1755,448,17,Advanced,False,2022-04-14
1756,448,18,Intermediate,True,2022-04-14
1757,448,3,Beginner,False,2022-04-14
1758,448,9,Expert,True,2022-04-14
1759,449,8,Intermediate,False,2022-05-21
1760,449,3,Beginner,False,2022-05-21
1761,449,17,Beginner,False,2022-05-21
1762,450,6,Beginner,True,2022-07-22
1763,450,9,Beginner,True,2022-07-22
1764,450,11,Beginner,False,2022-07-22
1765,450,1,Intermediate,True,2022-07-22
1766,450,2,Beginner,True,2022-07-22
1767,451,4,Beginner,True,2020-01-30
1768,451,15,Advanced,False,2020-01-30
1769,451,18,Expert,True,2020-01-30
1770,451,12,Advanced,False,2020-01-30
1771,451,2,Advanced,True,2020-01-30
1772,452,18,Expert,False,2020-09-24
1773,452,5,Expert,True,2020-09-24
1774,453,6,Beginner,False,2021-06-19
1775,453,10,Expert,False,2021-06-19
1776,453,17,Beginner,False,2021-06-19
1777,454,1,Intermediate,False,2021-11-23
1778,454,2,Advanced,False,2021-11-23
1779,454,19,Beginner,False,2021-11-23
1780,454,20,Advanced,True,2021-11-23
1781,454,9,Expert,False,2021-11-23
1782,455,4,Intermediate,False,2022-05-19
1783,455,8,Advanced,True,2022-05-19
1784,455,14,Advanced,False,2022-05-19
1785,455,5,Intermediate,False,2022-05-19
1786,455,9,Beginner,True,2022-05-19
1787,455,16,Expert,True,2022-05-19
1788,456,7,Beginner,True,2022-09-20
1789,456,8,Intermediate,True,2022-09-20
1790,456,14,Beginner,False,2022-09-20
1791,456,15,Beginner,True,2022-09-20
1792,456,12,Expert,False,2022-09-20
1793,457,4,Advanced,True,2021-04-15
1794,457,18,Expert,False,2021-04-15
1795,457,17,Intermediate,True,2021-04-15
1796,457,1,Expert,True,2021-04-15
1797,457,9,Beginner,False,2021-04-15
1798,457,11,Advanced,True,2021-04-15
1799,458,3,Advanced,True,2021-10-31
1800,458,5,Advanced,False,2021-10-31
1801,458,13,Advanced,True,2021-10-31
1802,459,8,Intermediate,False,2022-09-13
1803,459,14,Expert,True,2022-09-13
1804,460,10,Beginner,False,2022-04-16
1805,460,9,Beginner,False,2022-04-16
1806,461,13,Advanced,True,2021-04-08
1807,461,6,Intermediate,False,2021-04-08
1808,461,12,Intermediate,False,2021-04-08
1809,461,18,Advanced,True,2021-04-08
1810,462,7,Expert,False,2020-04-18
1811,462,1,Expert,False,2020-04-18
1812,462,3,Advanced,True,2020-04-18
1813,462,16,Intermediate,True,2020-04-18
1814,463,8,Intermediate,False,2020-07-19
1815,463,18,Advanced,True,2020-07-19
1816,463,17,Expert,True,2020-07-19
1817,463,19,Advanced,True,2020-07-19
1818,464,2,Intermediate,True,2020-02-17
1819,464,10,Advanced,True,2020-02-17
1820,464,8,Advanced,False,2020-02-17
1821,464,7,Beginner,False,2020-02-17
1822,465,5,Beginner,False,2021-06-27
1823,465,4,Expert,True,2021-06-27
1824,465,3,Beginner,True,2021-06-27
1825,466,19,Expert,True,2021-08-15
1826,466,3,Intermediate,False,2021-08-15
1827,466,7,Advanced,True,2021-08-15
1828,467,14,Beginner,True,2021-09-15
1829,467,2,Expert,False,2021-09-15
1830,468,4,Beginner,True,2021-02-26
1831,468,15,Intermediate,True,2021-02-26
1832,468,17,Beginner,True,2021-02-26
1833,468,14,Advanced,False,2021-02-26
1834,468,1,Beginner,True,2021-02-26
1835,469,17,Expert,False,2021-10-01
1836,469,1,Advanced,True,2021-10-01
1837,469,8,Expert,True,2021-10-01
1838,469,13,Intermediate,False,2021-10-01
1839,469,11,Advanced,False,2021-10-01
1840,469,18,Intermediate,True,2021-10-01
1841,470,10,Beginner,False,2021-07-29
1842,470,3,Beginner,False,2021-07-29
1843,471,8,Expert,False,2021-01-25
1844,471,13,Beginner,True,2021-01-25
1845,471,17,Expert,True,2021-01-25
1846,472,6,Intermediate,True,2022-05-09
1847,472,7,Intermediate,False,2022-05-09
1848,472,17,Advanced,False,2022-05-09
1849,473,14,Beginner,False,2021-09-22
1850,473,3,Intermediate,False,2021-09-22
1851,473,19,Beginner,False,2021-09-22
1852,473,9,Beginner,False,2021-09-22
1853,474,16,Expert,True,2021-01-31
1854,474,13,Beginner,True,2021-01-31
1855,474,14,Intermediate,False,2021-01-31
1856,475,2,Beginner,True,2022-07-22
1857,475,7,Advanced,False,2022-07-22
1858,476,20,Expert,True,2021-04-04
1859,476,3,Advanced,True,2021-04-04
1860,476,1,Beginner,True,2021-04-04
1861,476,13,Intermediate,False,2021-04-04
1862,476,5,Advanced,False,2021-04-04
1863,477,14,Intermediate,False,2021-03-14
1864,477,17,Beginner,False,2021-03-14
1865,478,14,Advanced,True,2021-12-27
1866,478,18,Beginner,True,2021-12-27
1867,478,5,Advanced,True,2021-12-27
1868,478,7,Expert,True,2021-12-27
1869,478,9,Advanced,False,2021-12-27
1870,479,16,Intermediate,False,2021-07-17
1871,479,18,Beginner,True,2021-07-17
1872,479,17,Intermediate,False,2021-07-17
1873,480,4,Beginner,True,2021-07-10
1874,480,2,Advanced,True,2021-07-10
1875,480,20,Advanced,False,2021-07-10
1876,480,12,Intermediate,True,2021-07-10
1877,480,15,Expert,False,2021-07-10
1878,480,17,Intermediate,False,2021-07-10
1879,481,19,Advanced,True,2020-10-27
1880,481,14,Advanced,False,2020-10-27
1881,481,13,Intermediate,True,2020-10-27
1882,481,10,Advanced,True,2020-10-27
1883,481,15,Advanced,True,2020-10-27
1884,481,2,Advanced,True,2020-10-27
1885,482,7,Intermediate,False,2020-09-03
1886,482,4,Intermediate,False,2020-09-03
1887,482,6,Expert,True,2020-09-03
1888,483,20,Expert,True,2020-09-19
1889,483,1,Expert,False,2020-09-19
1890,483,18,Beginner,False,2020-09-19
1891,483,16,Intermediate,True,2020-09-19
1892,483,5,Advanced,True,2020-09-19
1893,484,20,Intermediate,True,2020-10-30
1894,484,8,Advanced,True,2020-10-30
1895,484,11,Advanced,False,2020-10-30
1896,484,12,Beginner,True,2020-10-30
1897,484,19,Expert,False,2020-10-30
1898,484,15,Beginner,True,2020-10-30
1899,485,19,Advanced,True,2020-03-08
1900,485,12,Expert,False,2020-03-08
1901,485,18,Advanced,False,2020-03-08
1902,485,5,Beginner,True,2020-03-08
1903,485,14,Beginner,False,2020-03-08
1904,486,4,Advanced,True,2021-12-03
1905,486,5,Advanced,True,2021-12-03
1906,486,7,Advanced,False,2021-12-03
1907,486,17,Intermediate,True,2021-12-03
1908,486,11,Advanced,False,2021-12-03
1909,487,1,Expert,True,2020-07-01
1910,487,6,Beginner,True,2020-07-01
1911,488,14,Expert,True,2021-04-06
1912,488,13,Beginner,True,2021-04-06
1913,488,19,Intermediate,False,2021-04-06
1914,488,3,Beginner,True,2021-04-06
1915,488,2,Beginner,False,2021-04-06
1916,488,16,Beginner,False,2021-04-06
1917,489,10,Advanced,True,2022-01-07
1918,489,3,Expert,False,2022-01-07
1919,490,17,Expert,True,2022-03-16
1920,490,7,Beginner,False,2022-03-16
1921,490,15,Intermediate,False,2022-03-16
1922,491,1,Advanced,False,2020-02-01
1923,491,16,Intermediate,True,2020-02-01
1924,491,15,Expert,True,2020-02-01
1925,491,18,Expert,False,2020-02-01
1926,492,20,Beginner,True,2021-11-24
1927,492,5,Expert,False,2021-11-24
1928,492,12,Expert,True,2021-11-24
1929,493,19,Beginner,False,2020-01-06
1930,493,3,Advanced,True,2020-01-06
1931,493,9,Intermediate,True,2020-01-06
1932,494,15,Intermediate,False,2022-01-29
1933,494,8,Advanced,True,2022-01-29
1934,494,3,Intermediate,False,2022-01-29
1935,495,4,Beginner,True,2020-08-14
1936,495,15,Intermediate,True,2020-08-14
1937,495,18,Beginner,True,2020-08-14
1938,495,3,Beginner,False,2020-08-14
1939,495,19,Beginner,True,2020-08-14
1940,496,8,Expert,False,2021-07-16
1941,496,17,Expert,True,2021-07-16
1942,496,11,Intermediate,True,2021-07-16
1943,496,5,Expert,True,2021-07-16
1944,496,15,Advanced,False,2021-07-16
1945,497,19,Beginner,True,2020-05-11
1946,497,2,Expert,False,2020-05-11
1947,497,6,Beginner,True,2020-05-11
1948,497,11,Expert,False,2020-05-11
1949,498,2,Advanced,True,2021-04-06
1950,498,8,Expert,False,2021-04-06
1951,498,15,Beginner,True,2021-04-06
1952,498,7,Expert,False,2021-04-06
1953,499,6,Beginner,False,2020-06-21
1954,499,20,Intermediate,True,2020-06-21
1955,499,3,Intermediate,False,2020-06-21
1956,499,1,Expert,True,2020-06-21
1957,499,19,Advanced,False,2020-06-21
1958,499,11,Expert,True,2020-06-21
1959,500,8,Advanced,False,2021-11-26
1960,500,18,Beginner,False,2021-11-26
1961,500,20,Intermediate,False,2021-11-26
1962,500,4,Beginner,False,2021-11-26
1963,500,6,Expert,False,2021-11-26
