employee_id,first_name,last_name,email,phone,hire_date,department_id,position_id,manager_id,salary_grade,is_active,location,employment_type,created_at
1,Employee1,LastName1,employee1@company.com,+1-555-214-1409,2021-10-16,9,16,,B,True,HQ,Contract,2025-08-03 11:46:10
2,Employee2,LastName2,employee2@company.com,+1-555-132-1488,2021-03-08,3,14,,E,True,Branch1,Contract,2025-08-03 11:46:10
3,Employee3,LastName3,employee3@company.com,+1-555-818-9928,2021-10-27,14,15,1.0,E,True,HQ,Full-time,2025-08-03 11:46:10
4,Employee4,LastName4,employee4@company.com,+1-555-532-6574,2021-12-15,9,10,1.0,C,True,HQ,Part-time,2025-08-03 11:46:10
5,Employee5,LastName5,employee5@company.com,+1-555-467-6635,2020-04-09,20,17,,D,True,Remote,Full-time,2025-08-03 11:46:10
6,Employee6,LastName6,employee6@company.com,+1-555-400-6925,2021-07-19,19,13,5.0,A,True,Branch1,Part-time,2025-08-03 11:46:10
7,Employee7,LastName7,employee7@company.com,+1-555-975-4814,2020-03-22,4,25,2.0,D,True,Branch1,Part-time,2025-08-03 11:46:10
8,Employee8,LastName8,employee8@company.com,+1-555-314-5374,2020-12-29,3,39,2.0,E,True,Branch1,Part-time,2025-08-03 11:46:10
9,Employee9,LastName9,employee9@company.com,+1-555-376-4598,2021-01-23,11,50,,B,True,Branch2,Part-time,2025-08-03 11:46:10
10,Employee10,LastName10,employee10@company.com,+1-555-167-4456,2020-10-01,19,46,5.0,B,False,Remote,Contract,2025-08-03 11:46:10
11,Employee11,LastName11,employee11@company.com,+1-555-246-5339,2021-04-14,5,16,8.0,E,True,Remote,Contract,2025-08-03 11:46:10
12,Employee12,LastName12,employee12@company.com,+1-555-470-4593,2021-02-12,5,33,7.0,A,True,HQ,Full-time,2025-08-03 11:46:10
13,Employee13,LastName13,employee13@company.com,+1-555-263-7916,2021-10-04,20,5,6.0,D,False,Branch2,Contract,2025-08-03 11:46:10
14,Employee14,LastName14,employee14@company.com,+1-555-111-2876,2022-05-31,18,49,4.0,C,True,Branch2,Part-time,2025-08-03 11:46:10
15,Employee15,LastName15,employee15@company.com,+1-555-564-1053,2020-06-10,9,33,12.0,B,True,Branch2,Contract,2025-08-03 11:46:10
16,Employee16,LastName16,employee16@company.com,+1-555-723-4258,2021-06-03,5,24,5.0,E,True,Branch2,Part-time,2025-08-03 11:46:10
17,Employee17,LastName17,employee17@company.com,+1-555-214-6947,2020-01-20,10,16,1.0,B,True,HQ,Contract,2025-08-03 11:46:10
18,Employee18,LastName18,employee18@company.com,+1-555-935-2133,2021-05-12,18,50,4.0,B,False,Branch1,Part-time,2025-08-03 11:46:10
19,Employee19,LastName19,employee19@company.com,+1-555-993-7932,2021-06-24,7,35,6.0,C,False,Branch2,Part-time,2025-08-03 11:46:10
20,Employee20,LastName20,employee20@company.com,+1-555-629-8397,2022-07-10,4,16,7.0,A,True,HQ,Contract,2025-08-03 11:46:10
21,Employee21,LastName21,employee21@company.com,+1-555-335-4608,2021-07-21,1,5,20.0,A,True,HQ,Full-time,2025-08-03 11:46:10
22,Employee22,LastName22,employee22@company.com,+1-555-438-2160,2022-05-30,17,16,8.0,D,True,Branch1,Contract,2025-08-03 11:46:10
23,Employee23,LastName23,employee23@company.com,+1-555-684-8744,2022-08-15,8,31,13.0,B,True,HQ,Contract,2025-08-03 11:46:10
24,Employee24,LastName24,employee24@company.com,+1-555-462-7939,2021-03-17,14,30,23.0,A,True,HQ,Part-time,2025-08-03 11:46:10
25,Employee25,LastName25,employee25@company.com,+1-555-447-2790,2022-01-15,8,13,6.0,E,False,Branch1,Part-time,2025-08-03 11:46:10
26,Employee26,LastName26,employee26@company.com,+1-555-385-8579,2020-07-06,8,5,14.0,E,True,HQ,Contract,2025-08-03 11:46:10
27,Employee27,LastName27,employee27@company.com,+1-555-956-1241,2021-07-07,3,49,7.0,B,False,Remote,Part-time,2025-08-03 11:46:10
28,Employee28,LastName28,employee28@company.com,+1-555-985-7570,2020-08-06,2,11,12.0,A,False,Branch2,Part-time,2025-08-03 11:46:10
29,Employee29,LastName29,employee29@company.com,+1-555-533-8973,2020-10-19,5,13,9.0,B,True,HQ,Contract,2025-08-03 11:46:10
30,Employee30,LastName30,employee30@company.com,+1-555-158-1821,2020-11-17,19,31,16.0,E,True,HQ,Contract,2025-08-03 11:46:10
31,Employee31,LastName31,employee31@company.com,+1-555-971-4044,2020-03-23,3,39,2.0,B,False,HQ,Contract,2025-08-03 11:46:10
32,Employee32,LastName32,employee32@company.com,+1-555-692-1651,2020-09-09,20,6,26.0,E,True,Branch2,Full-time,2025-08-03 11:46:10
33,Employee33,LastName33,employee33@company.com,+1-555-833-6147,2021-11-16,8,17,25.0,B,True,Remote,Part-time,2025-08-03 11:46:10
34,Employee34,LastName34,employee34@company.com,+1-555-869-2188,2022-08-09,1,30,6.0,A,True,Branch2,Full-time,2025-08-03 11:46:10
35,Employee35,LastName35,employee35@company.com,+1-555-457-2127,2022-08-13,8,24,18.0,B,False,Branch2,Contract,2025-08-03 11:46:10
36,Employee36,LastName36,employee36@company.com,+1-555-769-9666,2022-04-06,1,43,35.0,C,True,Branch1,Part-time,2025-08-03 11:46:10
37,Employee37,LastName37,employee37@company.com,+1-555-209-3546,2020-04-28,9,19,13.0,C,True,Branch2,Contract,2025-08-03 11:46:10
38,Employee38,LastName38,employee38@company.com,+1-555-357-1832,2021-05-15,3,41,27.0,C,True,HQ,Part-time,2025-08-03 11:46:10
39,Employee39,LastName39,employee39@company.com,+1-555-233-5291,2022-02-28,6,48,28.0,E,False,HQ,Full-time,2025-08-03 11:46:10
40,Employee40,LastName40,employee40@company.com,+1-555-807-3442,2020-03-18,18,3,23.0,E,True,Remote,Full-time,2025-08-03 11:46:10
41,Employee41,LastName41,employee41@company.com,+1-555-415-6974,2020-02-12,2,23,13.0,B,True,Branch2,Contract,2025-08-03 11:46:10
42,Employee42,LastName42,employee42@company.com,+1-555-995-7658,2022-06-24,20,48,9.0,B,True,Branch1,Part-time,2025-08-03 11:46:10
43,Employee43,LastName43,employee43@company.com,+1-555-283-6442,2020-01-26,14,43,15.0,C,True,HQ,Part-time,2025-08-03 11:46:10
44,Employee44,LastName44,employee44@company.com,+1-555-139-8711,2022-06-12,8,13,29.0,C,True,Branch1,Full-time,2025-08-03 11:46:10
45,Employee45,LastName45,employee45@company.com,+1-555-775-4164,2020-01-25,13,22,17.0,A,True,Branch2,Contract,2025-08-03 11:46:10
46,Employee46,LastName46,employee46@company.com,+1-555-509-9785,2021-06-05,11,2,7.0,C,True,Branch2,Full-time,2025-08-03 11:46:10
47,Employee47,LastName47,employee47@company.com,+1-555-710-8119,2020-04-21,12,47,20.0,D,True,Remote,Contract,2025-08-03 11:46:10
48,Employee48,LastName48,employee48@company.com,+1-555-360-1727,2020-07-13,14,1,33.0,E,True,Branch2,Part-time,2025-08-03 11:46:10
49,Employee49,LastName49,employee49@company.com,+1-555-780-6409,2020-03-12,20,21,42.0,A,True,Branch2,Contract,2025-08-03 11:46:10
50,Employee50,LastName50,employee50@company.com,+1-555-434-7592,2021-02-22,10,36,8.0,B,False,Remote,Contract,2025-08-03 11:46:10
51,Employee51,LastName51,employee51@company.com,+1-555-278-5930,2022-02-05,13,36,,C,True,Branch1,Part-time,2025-08-03 11:46:10
52,Employee52,LastName52,employee52@company.com,+1-555-693-6279,2022-03-15,15,29,28.0,B,False,Branch1,Contract,2025-08-03 11:46:10
53,Employee53,LastName53,employee53@company.com,+1-555-390-9445,2020-03-27,20,22,5.0,B,True,Branch1,Full-time,2025-08-03 11:46:10
54,Employee54,LastName54,employee54@company.com,+1-555-125-1757,2020-05-30,8,31,39.0,A,False,Remote,Contract,2025-08-03 11:46:10
55,Employee55,LastName55,employee55@company.com,+1-555-299-7291,2021-08-12,16,26,15.0,B,True,HQ,Part-time,2025-08-03 11:46:10
56,Employee56,LastName56,employee56@company.com,+1-555-280-9486,2020-08-12,15,4,35.0,B,True,Remote,Full-time,2025-08-03 11:46:10
57,Employee57,LastName57,employee57@company.com,+1-555-575-9702,2022-03-31,18,39,20.0,D,False,Remote,Full-time,2025-08-03 11:46:10
58,Employee58,LastName58,employee58@company.com,+1-555-982-8777,2022-01-31,15,17,48.0,B,True,Remote,Contract,2025-08-03 11:46:10
59,Employee59,LastName59,employee59@company.com,+1-555-381-8206,2020-09-01,3,46,18.0,B,True,Branch2,Part-time,2025-08-03 11:46:10
60,Employee60,LastName60,employee60@company.com,+1-555-653-2320,2022-07-03,5,10,14.0,D,True,Branch1,Full-time,2025-08-03 11:46:10
61,Employee61,LastName61,employee61@company.com,+1-555-517-6421,2021-02-28,18,30,26.0,A,True,Remote,Part-time,2025-08-03 11:46:10
62,Employee62,LastName62,employee62@company.com,+1-555-888-1320,2022-07-15,19,25,30.0,A,True,Branch2,Part-time,2025-08-03 11:46:10
63,Employee63,LastName63,employee63@company.com,+1-555-955-7865,2022-05-23,18,48,47.0,E,True,Remote,Full-time,2025-08-03 11:46:10
64,Employee64,LastName64,employee64@company.com,+1-555-546-8956,2020-10-06,1,25,43.0,D,True,Remote,Full-time,2025-08-03 11:46:10
65,Employee65,LastName65,employee65@company.com,+1-555-646-1441,2021-09-29,13,38,3.0,A,False,Branch1,Part-time,2025-08-03 11:46:10
66,Employee66,LastName66,employee66@company.com,+1-555-151-5262,2020-07-05,13,21,27.0,D,True,Branch2,Part-time,2025-08-03 11:46:10
67,Employee67,LastName67,employee67@company.com,+1-555-870-7906,2020-10-11,9,6,60.0,A,True,Branch2,Full-time,2025-08-03 11:46:10
68,Employee68,LastName68,employee68@company.com,+1-555-170-1659,2021-10-27,1,16,25.0,A,True,Branch1,Full-time,2025-08-03 11:46:10
69,Employee69,LastName69,employee69@company.com,+1-555-785-2874,2021-04-29,19,14,59.0,C,True,Branch1,Contract,2025-08-03 11:46:10
70,Employee70,LastName70,employee70@company.com,+1-555-865-2876,2021-09-13,6,20,13.0,E,True,Branch2,Contract,2025-08-03 11:46:10
71,Employee71,LastName71,employee71@company.com,+1-555-484-7498,2021-11-24,7,5,31.0,A,True,HQ,Contract,2025-08-03 11:46:10
72,Employee72,LastName72,employee72@company.com,+1-555-142-6688,2022-03-12,18,28,47.0,A,True,HQ,Part-time,2025-08-03 11:46:10
73,Employee73,LastName73,employee73@company.com,+1-555-601-2729,2022-04-22,14,24,58.0,B,False,Branch1,Contract,2025-08-03 11:46:10
74,Employee74,LastName74,employee74@company.com,+1-555-766-5425,2021-06-18,20,35,61.0,D,False,Branch2,Part-time,2025-08-03 11:46:10
75,Employee75,LastName75,employee75@company.com,+1-555-351-2419,2022-05-22,9,29,31.0,D,False,Branch2,Full-time,2025-08-03 11:46:10
76,Employee76,LastName76,employee76@company.com,+1-555-971-6325,2021-05-21,6,32,27.0,C,True,Branch2,Part-time,2025-08-03 11:46:10
77,Employee77,LastName77,employee77@company.com,+1-555-710-5526,2022-06-20,18,1,66.0,B,True,Branch1,Contract,2025-08-03 11:46:10
78,Employee78,LastName78,employee78@company.com,+1-555-600-4937,2021-02-20,16,42,62.0,D,True,HQ,Part-time,2025-08-03 11:46:10
79,Employee79,LastName79,employee79@company.com,+1-555-514-4986,2020-08-14,10,43,74.0,C,False,Branch2,Part-time,2025-08-03 11:46:10
80,Employee80,LastName80,employee80@company.com,+1-555-663-6419,2022-02-02,12,45,58.0,C,True,Branch2,Full-time,2025-08-03 11:46:10
81,Employee81,LastName81,employee81@company.com,+1-555-838-4155,2020-05-03,11,8,68.0,B,True,Branch1,Contract,2025-08-03 11:46:10
82,Employee82,LastName82,employee82@company.com,+1-555-383-9595,2021-05-10,20,19,12.0,B,True,Branch1,Part-time,2025-08-03 11:46:10
83,Employee83,LastName83,employee83@company.com,+1-555-409-1231,2020-07-02,18,9,35.0,A,True,Branch2,Contract,2025-08-03 11:46:10
84,Employee84,LastName84,employee84@company.com,+1-555-229-9042,2022-08-24,4,1,73.0,C,False,Remote,Part-time,2025-08-03 11:46:10
85,Employee85,LastName85,employee85@company.com,+1-555-288-1841,2020-12-14,9,31,14.0,A,False,Remote,Full-time,2025-08-03 11:46:10
86,Employee86,LastName86,employee86@company.com,+1-555-744-1878,2021-08-13,5,10,72.0,C,True,Branch1,Full-time,2025-08-03 11:46:10
87,Employee87,LastName87,employee87@company.com,+1-555-882-7818,2021-07-25,20,39,79.0,B,False,Remote,Part-time,2025-08-03 11:46:10
88,Employee88,LastName88,employee88@company.com,+1-555-980-8025,2020-10-31,10,37,79.0,A,True,Branch1,Contract,2025-08-03 11:46:10
89,Employee89,LastName89,employee89@company.com,+1-555-370-2330,2020-08-04,6,16,22.0,E,True,Branch1,Full-time,2025-08-03 11:46:10
90,Employee90,LastName90,employee90@company.com,+1-555-561-8699,2021-02-22,10,3,29.0,C,True,Remote,Full-time,2025-08-03 11:46:10
91,Employee91,LastName91,employee91@company.com,+1-555-339-5334,2021-12-04,19,43,25.0,D,True,Branch1,Contract,2025-08-03 11:46:10
92,Employee92,LastName92,employee92@company.com,+1-555-372-3330,2020-06-01,3,4,21.0,C,True,Remote,Full-time,2025-08-03 11:46:10
93,Employee93,LastName93,employee93@company.com,+1-555-805-5982,2021-04-24,13,18,64.0,E,False,Remote,Full-time,2025-08-03 11:46:10
94,Employee94,LastName94,employee94@company.com,+1-555-140-8078,2021-09-04,11,39,32.0,A,True,Branch1,Contract,2025-08-03 11:46:10
95,Employee95,LastName95,employee95@company.com,+1-555-981-1339,2022-05-06,9,37,5.0,B,False,Remote,Part-time,2025-08-03 11:46:10
96,Employee96,LastName96,employee96@company.com,+1-555-699-8141,2020-07-04,16,6,60.0,C,False,Branch2,Part-time,2025-08-03 11:46:10
97,Employee97,LastName97,employee97@company.com,+1-555-207-3634,2021-11-17,11,27,88.0,D,True,Remote,Contract,2025-08-03 11:46:10
98,Employee98,LastName98,employee98@company.com,+1-555-565-2442,2020-02-07,11,17,41.0,A,False,HQ,Contract,2025-08-03 11:46:10
99,Employee99,LastName99,employee99@company.com,+1-555-655-8569,2022-06-09,14,4,24.0,E,True,Remote,Contract,2025-08-03 11:46:10
100,Employee100,LastName100,employee100@company.com,+1-555-878-1845,2021-03-28,7,18,70.0,B,True,Remote,Contract,2025-08-03 11:46:10
101,Employee101,LastName101,employee101@company.com,+1-555-224-1472,2021-05-11,20,16,90.0,B,True,HQ,Contract,2025-08-03 11:46:10
102,Employee102,LastName102,employee102@company.com,+1-555-195-4681,2021-02-21,4,30,15.0,B,False,Branch2,Contract,2025-08-03 11:46:10
103,Employee103,LastName103,employee103@company.com,+1-555-379-7807,2021-12-23,16,31,31.0,D,True,Remote,Full-time,2025-08-03 11:46:10
104,Employee104,LastName104,employee104@company.com,+1-555-713-9327,2022-08-01,5,5,35.0,D,True,Branch2,Full-time,2025-08-03 11:46:10
105,Employee105,LastName105,employee105@company.com,+1-555-843-5891,2020-10-16,19,38,84.0,D,True,Remote,Contract,2025-08-03 11:46:10
106,Employee106,LastName106,employee106@company.com,+1-555-453-6446,2021-05-10,18,49,69.0,D,False,Branch2,Full-time,2025-08-03 11:46:10
107,Employee107,LastName107,employee107@company.com,+1-555-344-7274,2021-12-15,8,50,52.0,A,True,Remote,Contract,2025-08-03 11:46:10
108,Employee108,LastName108,employee108@company.com,+1-555-930-7246,2022-07-24,13,43,101.0,B,False,HQ,Full-time,2025-08-03 11:46:10
109,Employee109,LastName109,employee109@company.com,+1-555-704-6439,2021-05-29,4,29,12.0,E,False,HQ,Contract,2025-08-03 11:46:10
110,Employee110,LastName110,employee110@company.com,+1-555-519-3529,2020-05-27,3,31,100.0,C,True,Remote,Contract,2025-08-03 11:46:10
111,Employee111,LastName111,employee111@company.com,+1-555-972-6383,2020-03-23,18,25,40.0,D,True,HQ,Full-time,2025-08-03 11:46:10
112,Employee112,LastName112,employee112@company.com,+1-555-800-5708,2021-10-08,8,48,11.0,D,True,HQ,Part-time,2025-08-03 11:46:10
113,Employee113,LastName113,employee113@company.com,+1-555-810-5906,2020-06-19,1,3,41.0,A,True,Branch2,Part-time,2025-08-03 11:46:10
114,Employee114,LastName114,employee114@company.com,+1-555-249-5000,2021-03-17,17,27,72.0,B,True,Branch1,Full-time,2025-08-03 11:46:10
115,Employee115,LastName115,employee115@company.com,+1-555-991-7267,2021-09-16,20,44,30.0,D,True,Branch1,Part-time,2025-08-03 11:46:10
116,Employee116,LastName116,employee116@company.com,+1-555-360-8529,2021-10-15,9,43,1.0,D,True,Branch1,Full-time,2025-08-03 11:46:10
117,Employee117,LastName117,employee117@company.com,+1-555-453-5901,2021-03-28,14,45,32.0,D,True,Branch1,Part-time,2025-08-03 11:46:10
118,Employee118,LastName118,employee118@company.com,+1-555-594-2747,2022-05-23,8,25,73.0,C,True,Branch2,Full-time,2025-08-03 11:46:10
119,Employee119,LastName119,employee119@company.com,+1-555-774-7484,2022-04-29,9,1,72.0,A,False,Branch2,Full-time,2025-08-03 11:46:10
120,Employee120,LastName120,employee120@company.com,+1-555-921-6772,2021-09-13,8,41,24.0,E,True,Branch1,Contract,2025-08-03 11:46:10
121,Employee121,LastName121,employee121@company.com,+1-555-742-1645,2020-04-09,10,29,4.0,E,True,Branch1,Full-time,2025-08-03 11:46:10
122,Employee122,LastName122,employee122@company.com,+1-555-402-6352,2022-07-20,14,12,25.0,B,True,Branch2,Full-time,2025-08-03 11:46:10
123,Employee123,LastName123,employee123@company.com,+1-555-944-8894,2020-09-20,10,48,111.0,C,True,Remote,Full-time,2025-08-03 11:46:10
124,Employee124,LastName124,employee124@company.com,+1-555-872-4696,2020-05-24,13,36,46.0,A,False,HQ,Part-time,2025-08-03 11:46:10
125,Employee125,LastName125,employee125@company.com,+1-555-226-8451,2021-07-03,12,44,95.0,C,False,Branch2,Full-time,2025-08-03 11:46:10
126,Employee126,LastName126,employee126@company.com,+1-555-339-8724,2021-11-22,1,40,113.0,E,True,Branch1,Contract,2025-08-03 11:46:10
127,Employee127,LastName127,employee127@company.com,+1-555-750-8606,2020-03-05,10,42,52.0,A,True,HQ,Full-time,2025-08-03 11:46:10
128,Employee128,LastName128,employee128@company.com,+1-555-604-2902,2020-11-07,4,16,34.0,D,False,Branch2,Contract,2025-08-03 11:46:10
129,Employee129,LastName129,employee129@company.com,+1-555-860-9850,2022-08-30,14,38,39.0,D,True,Remote,Contract,2025-08-03 11:46:10
130,Employee130,LastName130,employee130@company.com,+1-555-386-1536,2021-02-21,12,14,113.0,D,True,Branch2,Full-time,2025-08-03 11:46:10
131,Employee131,LastName131,employee131@company.com,+1-555-476-9920,2021-12-03,12,4,101.0,C,True,HQ,Part-time,2025-08-03 11:46:10
132,Employee132,LastName132,employee132@company.com,+1-555-778-4475,2020-04-03,20,2,12.0,C,True,Branch1,Contract,2025-08-03 11:46:10
133,Employee133,LastName133,employee133@company.com,+1-555-170-4394,2020-07-29,19,14,59.0,C,True,HQ,Part-time,2025-08-03 11:46:10
134,Employee134,LastName134,employee134@company.com,+1-555-248-3129,2022-05-29,18,17,44.0,A,True,Branch1,Full-time,2025-08-03 11:46:10
135,Employee135,LastName135,employee135@company.com,+1-555-908-4898,2021-01-01,19,21,4.0,B,True,HQ,Full-time,2025-08-03 11:46:10
136,Employee136,LastName136,employee136@company.com,+1-555-531-9619,2022-01-29,4,48,16.0,D,False,Branch2,Contract,2025-08-03 11:46:10
137,Employee137,LastName137,employee137@company.com,+1-555-211-8405,2021-08-30,17,15,11.0,E,True,Remote,Contract,2025-08-03 11:46:10
138,Employee138,LastName138,employee138@company.com,+1-555-131-1996,2022-09-14,16,26,109.0,A,False,Remote,Full-time,2025-08-03 11:46:10
139,Employee139,LastName139,employee139@company.com,+1-555-182-6277,2022-07-09,20,10,16.0,B,True,Branch2,Part-time,2025-08-03 11:46:10
140,Employee140,LastName140,employee140@company.com,+1-555-643-5831,2021-09-03,15,33,110.0,A,True,Branch1,Part-time,2025-08-03 11:46:10
141,Employee141,LastName141,employee141@company.com,+1-555-333-7779,2021-04-07,11,30,102.0,D,True,Branch2,Part-time,2025-08-03 11:46:10
142,Employee142,LastName142,employee142@company.com,+1-555-781-5176,2020-11-16,12,10,121.0,A,True,HQ,Full-time,2025-08-03 11:46:10
143,Employee143,LastName143,employee143@company.com,+1-555-198-7105,2021-03-18,5,36,15.0,E,True,HQ,Part-time,2025-08-03 11:46:10
144,Employee144,LastName144,employee144@company.com,+1-555-994-7929,2020-12-28,2,19,79.0,C,True,Branch1,Full-time,2025-08-03 11:46:10
145,Employee145,LastName145,employee145@company.com,+1-555-593-4674,2021-11-03,4,23,142.0,C,True,Branch2,Contract,2025-08-03 11:46:10
146,Employee146,LastName146,employee146@company.com,+1-555-926-8030,2020-08-19,18,50,142.0,A,True,HQ,Full-time,2025-08-03 11:46:10
147,Employee147,LastName147,employee147@company.com,+1-555-819-6062,2020-10-06,11,23,1.0,B,True,Remote,Full-time,2025-08-03 11:46:10
148,Employee148,LastName148,employee148@company.com,+1-555-858-1502,2020-05-25,3,48,135.0,B,False,Remote,Part-time,2025-08-03 11:46:10
149,Employee149,LastName149,employee149@company.com,+1-555-261-7062,2020-12-15,10,47,83.0,E,True,HQ,Full-time,2025-08-03 11:46:10
150,Employee150,LastName150,employee150@company.com,+1-555-872-1815,2020-06-10,3,18,113.0,D,False,Remote,Part-time,2025-08-03 11:46:10
151,Employee151,LastName151,employee151@company.com,+1-555-320-9394,2020-10-06,4,23,110.0,A,True,Remote,Contract,2025-08-03 11:46:10
152,Employee152,LastName152,employee152@company.com,+1-555-415-1744,2021-11-14,8,26,14.0,A,True,Branch2,Full-time,2025-08-03 11:46:10
153,Employee153,LastName153,employee153@company.com,+1-555-240-5186,2022-02-24,10,21,30.0,A,False,Remote,Full-time,2025-08-03 11:46:10
154,Employee154,LastName154,employee154@company.com,+1-555-489-9725,2020-05-12,8,33,143.0,C,True,Remote,Contract,2025-08-03 11:46:10
155,Employee155,LastName155,employee155@company.com,+1-555-546-1307,2020-02-13,15,5,80.0,E,False,Remote,Contract,2025-08-03 11:46:10
156,Employee156,LastName156,employee156@company.com,+1-555-527-5743,2021-10-17,4,26,5.0,C,True,Remote,Contract,2025-08-03 11:46:10
157,Employee157,LastName157,employee157@company.com,+1-555-470-2443,2022-07-30,14,7,62.0,D,False,HQ,Part-time,2025-08-03 11:46:10
158,Employee158,LastName158,employee158@company.com,+1-555-417-6562,2022-06-10,8,22,43.0,A,True,Branch1,Part-time,2025-08-03 11:46:10
159,Employee159,LastName159,employee159@company.com,+1-555-844-3419,2020-12-25,8,7,37.0,C,True,Branch1,Contract,2025-08-03 11:46:10
160,Employee160,LastName160,employee160@company.com,+1-555-878-2234,2020-06-05,6,50,126.0,D,False,Branch2,Contract,2025-08-03 11:46:10
161,Employee161,LastName161,employee161@company.com,+1-555-254-8205,2020-11-19,3,31,113.0,C,True,HQ,Part-time,2025-08-03 11:46:10
162,Employee162,LastName162,employee162@company.com,+1-555-175-6085,2021-06-03,15,29,9.0,A,True,Branch2,Full-time,2025-08-03 11:46:10
163,Employee163,LastName163,employee163@company.com,+1-555-984-2479,2021-10-22,20,39,129.0,D,False,HQ,Part-time,2025-08-03 11:46:10
164,Employee164,LastName164,employee164@company.com,+1-555-929-4084,2022-07-19,11,39,121.0,E,True,HQ,Part-time,2025-08-03 11:46:10
165,Employee165,LastName165,employee165@company.com,+1-555-930-6626,2020-04-15,3,33,44.0,A,True,Remote,Part-time,2025-08-03 11:46:10
166,Employee166,LastName166,employee166@company.com,+1-555-635-3600,2021-06-20,12,24,72.0,D,False,Branch2,Contract,2025-08-03 11:46:10
167,Employee167,LastName167,employee167@company.com,+1-555-153-6482,2021-09-04,3,22,24.0,E,False,Branch2,Part-time,2025-08-03 11:46:10
168,Employee168,LastName168,employee168@company.com,+1-555-972-3463,2022-01-11,11,6,149.0,B,True,Branch2,Contract,2025-08-03 11:46:10
169,Employee169,LastName169,employee169@company.com,+1-555-778-7421,2021-12-16,5,39,21.0,C,False,Branch2,Full-time,2025-08-03 11:46:10
170,Employee170,LastName170,employee170@company.com,+1-555-819-9624,2021-11-17,3,42,108.0,E,True,HQ,Part-time,2025-08-03 11:46:10
171,Employee171,LastName171,employee171@company.com,+1-555-284-4509,2020-11-12,11,50,124.0,B,True,Branch1,Full-time,2025-08-03 11:46:10
172,Employee172,LastName172,employee172@company.com,+1-555-402-2657,2020-03-20,17,50,138.0,E,True,Branch2,Contract,2025-08-03 11:46:10
173,Employee173,LastName173,employee173@company.com,+1-555-711-7172,2020-05-14,5,11,46.0,E,True,Remote,Full-time,2025-08-03 11:46:10
174,Employee174,LastName174,employee174@company.com,+1-555-473-4891,2021-02-24,15,40,72.0,D,True,Branch1,Part-time,2025-08-03 11:46:10
175,Employee175,LastName175,employee175@company.com,+1-555-928-8684,2022-09-15,7,24,173.0,E,False,Remote,Part-time,2025-08-03 11:46:10
176,Employee176,LastName176,employee176@company.com,+1-555-491-9239,2022-03-07,17,27,41.0,B,True,Branch2,Full-time,2025-08-03 11:46:10
177,Employee177,LastName177,employee177@company.com,+1-555-592-7081,2021-10-18,18,7,132.0,A,True,HQ,Full-time,2025-08-03 11:46:10
178,Employee178,LastName178,employee178@company.com,+1-555-560-9410,2020-10-06,5,28,23.0,B,False,Branch2,Full-time,2025-08-03 11:46:10
179,Employee179,LastName179,employee179@company.com,+1-555-154-7495,2021-02-28,17,24,60.0,D,True,Branch2,Full-time,2025-08-03 11:46:10
180,Employee180,LastName180,employee180@company.com,+1-555-426-2623,2020-01-29,11,10,35.0,A,True,Remote,Contract,2025-08-03 11:46:10
181,Employee181,LastName181,employee181@company.com,+1-555-242-8685,2022-05-01,15,40,1.0,A,True,Branch2,Full-time,2025-08-03 11:46:10
182,Employee182,LastName182,employee182@company.com,+1-555-253-9991,2022-05-05,20,34,108.0,A,True,Branch1,Part-time,2025-08-03 11:46:10
183,Employee183,LastName183,employee183@company.com,+1-555-148-4906,2020-05-04,14,41,159.0,D,True,HQ,Part-time,2025-08-03 11:46:10
184,Employee184,LastName184,employee184@company.com,+1-555-648-1269,2021-09-03,17,37,61.0,B,True,Remote,Full-time,2025-08-03 11:46:10
185,Employee185,LastName185,employee185@company.com,+1-555-461-4941,2021-09-21,19,27,47.0,A,True,HQ,Contract,2025-08-03 11:46:10
186,Employee186,LastName186,employee186@company.com,+1-555-619-9316,2021-07-11,18,2,99.0,D,True,Remote,Part-time,2025-08-03 11:46:10
187,Employee187,LastName187,employee187@company.com,+1-555-865-1266,2020-09-16,12,5,88.0,B,True,Branch2,Full-time,2025-08-03 11:46:10
188,Employee188,LastName188,employee188@company.com,+1-555-460-9945,2020-02-15,11,42,44.0,D,False,Branch1,Full-time,2025-08-03 11:46:10
189,Employee189,LastName189,employee189@company.com,+1-555-833-8498,2020-03-05,2,19,51.0,A,True,HQ,Part-time,2025-08-03 11:46:10
190,Employee190,LastName190,employee190@company.com,+1-555-417-9444,2022-08-13,13,35,121.0,C,True,Branch1,Part-time,2025-08-03 11:46:10
191,Employee191,LastName191,employee191@company.com,+1-555-982-1783,2020-12-31,11,18,31.0,C,False,Remote,Contract,2025-08-03 11:46:10
192,Employee192,LastName192,employee192@company.com,+1-555-495-6554,2021-03-26,6,32,177.0,D,True,Branch2,Full-time,2025-08-03 11:46:10
193,Employee193,LastName193,employee193@company.com,+1-555-534-2293,2022-01-14,14,39,46.0,E,True,Branch2,Full-time,2025-08-03 11:46:10
194,Employee194,LastName194,employee194@company.com,+1-555-435-5843,2020-03-22,10,29,154.0,D,True,Remote,Part-time,2025-08-03 11:46:10
195,Employee195,LastName195,employee195@company.com,+1-555-143-6776,2021-04-02,20,28,70.0,A,True,Remote,Part-time,2025-08-03 11:46:10
196,Employee196,LastName196,employee196@company.com,+1-555-920-3621,2021-06-09,1,10,155.0,D,True,Branch1,Full-time,2025-08-03 11:46:10
197,Employee197,LastName197,employee197@company.com,+1-555-897-7001,2020-08-29,12,25,145.0,A,True,Remote,Part-time,2025-08-03 11:46:10
198,Employee198,LastName198,employee198@company.com,+1-555-554-2259,2021-01-15,19,9,135.0,C,False,Branch2,Contract,2025-08-03 11:46:10
199,Employee199,LastName199,employee199@company.com,+1-555-355-2858,2020-10-12,1,48,47.0,D,False,HQ,Part-time,2025-08-03 11:46:10
200,Employee200,LastName200,employee200@company.com,+1-555-366-8311,2022-03-04,7,40,73.0,D,True,HQ,Full-time,2025-08-03 11:46:10
201,Employee201,LastName201,employee201@company.com,+1-555-175-8406,2022-05-23,6,46,113.0,A,True,Branch2,Contract,2025-08-03 11:46:10
202,Employee202,LastName202,employee202@company.com,+1-555-663-9882,2020-03-07,10,20,40.0,B,True,Branch1,Full-time,2025-08-03 11:46:10
203,Employee203,LastName203,employee203@company.com,+1-555-911-3275,2020-07-24,8,32,6.0,C,True,Remote,Contract,2025-08-03 11:46:10
204,Employee204,LastName204,employee204@company.com,+1-555-726-2412,2020-05-12,3,20,101.0,D,False,Remote,Contract,2025-08-03 11:46:10
205,Employee205,LastName205,employee205@company.com,+1-555-228-6194,2020-03-16,3,29,119.0,E,True,Branch1,Contract,2025-08-03 11:46:10
206,Employee206,LastName206,employee206@company.com,+1-555-701-3981,2021-10-17,5,28,128.0,A,True,Branch1,Part-time,2025-08-03 11:46:10
207,Employee207,LastName207,employee207@company.com,+1-555-265-6286,2020-06-17,8,23,132.0,C,True,Branch2,Full-time,2025-08-03 11:46:10
208,Employee208,LastName208,employee208@company.com,+1-555-664-5496,2021-10-12,5,41,77.0,E,True,Branch1,Contract,2025-08-03 11:46:10
209,Employee209,LastName209,employee209@company.com,+1-555-694-3526,2022-08-22,6,43,159.0,E,True,HQ,Full-time,2025-08-03 11:46:10
210,Employee210,LastName210,employee210@company.com,+1-555-146-5336,2020-03-24,7,50,146.0,D,True,Remote,Contract,2025-08-03 11:46:10
211,Employee211,LastName211,employee211@company.com,+1-555-396-5949,2021-07-12,16,16,206.0,D,True,Remote,Full-time,2025-08-03 11:46:10
212,Employee212,LastName212,employee212@company.com,+1-555-161-3589,2021-12-06,15,27,123.0,D,True,Branch2,Contract,2025-08-03 11:46:10
213,Employee213,LastName213,employee213@company.com,+1-555-420-6231,2020-05-27,12,26,33.0,C,True,Branch2,Full-time,2025-08-03 11:46:10
214,Employee214,LastName214,employee214@company.com,+1-555-225-5382,2021-04-22,15,16,36.0,A,True,Branch2,Part-time,2025-08-03 11:46:10
215,Employee215,LastName215,employee215@company.com,+1-555-730-7850,2022-06-03,8,11,208.0,C,True,Branch1,Full-time,2025-08-03 11:46:10
216,Employee216,LastName216,employee216@company.com,+1-555-627-8648,2021-05-25,16,20,127.0,A,True,Remote,Contract,2025-08-03 11:46:10
217,Employee217,LastName217,employee217@company.com,+1-555-346-4524,2021-04-13,19,23,12.0,A,True,Remote,Contract,2025-08-03 11:46:10
218,Employee218,LastName218,employee218@company.com,+1-555-963-8710,2022-06-22,10,35,2.0,A,False,Branch1,Part-time,2025-08-03 11:46:10
219,Employee219,LastName219,employee219@company.com,+1-555-474-7606,2022-01-14,12,3,102.0,A,True,Branch2,Contract,2025-08-03 11:46:10
220,Employee220,LastName220,employee220@company.com,+1-555-175-7329,2020-10-22,17,29,195.0,E,True,HQ,Full-time,2025-08-03 11:46:10
221,Employee221,LastName221,employee221@company.com,+1-555-199-7453,2022-09-25,12,22,142.0,C,True,Branch1,Contract,2025-08-03 11:46:10
222,Employee222,LastName222,employee222@company.com,+1-555-511-9193,2021-06-05,2,3,9.0,B,True,Remote,Contract,2025-08-03 11:46:10
223,Employee223,LastName223,employee223@company.com,+1-555-252-9446,2021-04-12,5,21,156.0,C,True,Remote,Contract,2025-08-03 11:46:10
224,Employee224,LastName224,employee224@company.com,+1-555-962-5902,2022-01-27,19,22,129.0,E,False,Branch2,Part-time,2025-08-03 11:46:10
225,Employee225,LastName225,employee225@company.com,+1-555-117-7035,2022-04-15,11,44,28.0,D,True,HQ,Contract,2025-08-03 11:46:10
226,Employee226,LastName226,employee226@company.com,+1-555-371-4728,2021-04-30,2,38,122.0,B,False,Branch1,Contract,2025-08-03 11:46:10
227,Employee227,LastName227,employee227@company.com,+1-555-132-2800,2020-09-05,7,2,112.0,C,False,Branch1,Part-time,2025-08-03 11:46:10
228,Employee228,LastName228,employee228@company.com,+1-555-308-7723,2021-12-08,17,50,156.0,D,True,Branch1,Contract,2025-08-03 11:46:10
229,Employee229,LastName229,employee229@company.com,+1-555-674-6325,2020-07-31,16,34,96.0,C,True,Remote,Contract,2025-08-03 11:46:10
230,Employee230,LastName230,employee230@company.com,+1-555-659-6804,2020-12-16,9,40,123.0,B,True,Branch2,Contract,2025-08-03 11:46:10
231,Employee231,LastName231,employee231@company.com,+1-555-330-5876,2020-11-01,10,46,53.0,D,True,Remote,Part-time,2025-08-03 11:46:10
232,Employee232,LastName232,employee232@company.com,+1-555-914-5480,2021-07-27,10,8,146.0,E,False,Remote,Part-time,2025-08-03 11:46:10
233,Employee233,LastName233,employee233@company.com,+1-555-891-3399,2022-09-04,10,3,73.0,A,True,Remote,Contract,2025-08-03 11:46:10
234,Employee234,LastName234,employee234@company.com,+1-555-865-8849,2020-09-19,7,13,211.0,E,True,Branch2,Full-time,2025-08-03 11:46:10
235,Employee235,LastName235,employee235@company.com,+1-555-730-4920,2020-04-21,8,4,171.0,E,True,Branch1,Full-time,2025-08-03 11:46:10
236,Employee236,LastName236,employee236@company.com,+1-555-523-6411,2020-04-12,16,7,174.0,B,True,Branch1,Part-time,2025-08-03 11:46:10
237,Employee237,LastName237,employee237@company.com,+1-555-999-8793,2021-10-30,16,42,51.0,C,True,Branch2,Contract,2025-08-03 11:46:10
238,Employee238,LastName238,employee238@company.com,+1-555-887-2465,2020-03-01,19,15,136.0,A,True,Remote,Full-time,2025-08-03 11:46:10
239,Employee239,LastName239,employee239@company.com,+1-555-137-7504,2022-08-14,16,12,191.0,C,True,HQ,Part-time,2025-08-03 11:46:10
240,Employee240,LastName240,employee240@company.com,+1-555-717-2758,2021-08-04,11,19,116.0,E,False,Branch1,Contract,2025-08-03 11:46:10
241,Employee241,LastName241,employee241@company.com,+1-555-379-4159,2021-04-24,4,22,41.0,D,True,Branch1,Full-time,2025-08-03 11:46:10
242,Employee242,LastName242,employee242@company.com,+1-555-445-5833,2022-01-24,19,44,193.0,B,True,Remote,Part-time,2025-08-03 11:46:10
243,Employee243,LastName243,employee243@company.com,+1-555-435-2421,2021-06-11,13,43,24.0,B,True,Remote,Part-time,2025-08-03 11:46:10
244,Employee244,LastName244,employee244@company.com,+1-555-354-1111,2022-08-16,9,25,60.0,D,True,Branch2,Part-time,2025-08-03 11:46:10
245,Employee245,LastName245,employee245@company.com,+1-555-840-1187,2021-08-19,9,42,92.0,B,True,HQ,Part-time,2025-08-03 11:46:10
246,Employee246,LastName246,employee246@company.com,+1-555-263-7642,2020-11-10,17,46,197.0,C,True,Branch2,Part-time,2025-08-03 11:46:10
247,Employee247,LastName247,employee247@company.com,+1-555-326-4590,2021-09-21,5,31,39.0,D,True,Remote,Contract,2025-08-03 11:46:10
248,Employee248,LastName248,employee248@company.com,+1-555-582-9806,2021-07-16,7,49,63.0,E,True,Remote,Contract,2025-08-03 11:46:10
249,Employee249,LastName249,employee249@company.com,+1-555-470-2279,2021-12-21,19,8,15.0,E,True,Branch1,Full-time,2025-08-03 11:46:10
250,Employee250,LastName250,employee250@company.com,+1-555-974-9525,2020-12-01,15,8,174.0,B,False,HQ,Contract,2025-08-03 11:46:10
251,Employee251,LastName251,employee251@company.com,+1-555-928-1911,2021-04-01,15,9,131.0,D,False,HQ,Contract,2025-08-03 11:46:10
252,Employee252,LastName252,employee252@company.com,+1-555-788-6049,2021-04-18,1,26,65.0,A,True,HQ,Full-time,2025-08-03 11:46:10
253,Employee253,LastName253,employee253@company.com,+1-555-452-2044,2021-03-09,18,4,239.0,A,False,HQ,Part-time,2025-08-03 11:46:10
254,Employee254,LastName254,employee254@company.com,+1-555-284-3218,2021-02-22,14,24,228.0,D,False,Remote,Part-time,2025-08-03 11:46:10
255,Employee255,LastName255,employee255@company.com,+1-555-799-9835,2020-03-23,5,42,220.0,C,True,Branch1,Contract,2025-08-03 11:46:10
256,Employee256,LastName256,employee256@company.com,+1-555-641-3086,2021-02-06,8,1,11.0,C,False,Remote,Contract,2025-08-03 11:46:10
257,Employee257,LastName257,employee257@company.com,+1-555-943-4762,2021-01-23,8,30,177.0,B,True,Branch1,Contract,2025-08-03 11:46:10
258,Employee258,LastName258,employee258@company.com,+1-555-215-1527,2022-02-22,14,40,8.0,B,True,HQ,Full-time,2025-08-03 11:46:10
259,Employee259,LastName259,employee259@company.com,+1-555-134-8314,2021-08-31,20,44,24.0,B,True,Remote,Part-time,2025-08-03 11:46:10
260,Employee260,LastName260,employee260@company.com,+1-555-652-4559,2020-08-27,2,9,257.0,C,True,Branch2,Contract,2025-08-03 11:46:10
261,Employee261,LastName261,employee261@company.com,+1-555-891-6253,2021-09-04,8,20,73.0,E,True,Remote,Part-time,2025-08-03 11:46:10
262,Employee262,LastName262,employee262@company.com,+1-555-162-3869,2020-10-08,14,36,253.0,A,True,Remote,Contract,2025-08-03 11:46:10
263,Employee263,LastName263,employee263@company.com,+1-555-813-7821,2020-11-22,14,10,153.0,D,True,Remote,Full-time,2025-08-03 11:46:10
264,Employee264,LastName264,employee264@company.com,+1-555-330-5927,2022-05-19,5,30,29.0,E,False,Remote,Contract,2025-08-03 11:46:10
265,Employee265,LastName265,employee265@company.com,+1-555-237-7363,2021-06-26,8,17,104.0,C,True,Remote,Part-time,2025-08-03 11:46:10
266,Employee266,LastName266,employee266@company.com,+1-555-648-4120,2020-04-04,2,18,193.0,E,True,HQ,Full-time,2025-08-03 11:46:10
267,Employee267,LastName267,employee267@company.com,+1-555-879-4555,2022-04-03,16,14,170.0,C,True,Branch1,Full-time,2025-08-03 11:46:10
268,Employee268,LastName268,employee268@company.com,+1-555-859-2922,2022-09-12,16,16,104.0,D,True,Branch2,Part-time,2025-08-03 11:46:10
269,Employee269,LastName269,employee269@company.com,+1-555-577-9743,2021-01-24,12,20,133.0,C,False,Remote,Full-time,2025-08-03 11:46:10
270,Employee270,LastName270,employee270@company.com,+1-555-839-8692,2022-04-02,11,14,189.0,C,False,HQ,Contract,2025-08-03 11:46:10
271,Employee271,LastName271,employee271@company.com,+1-555-326-3390,2022-06-03,1,17,213.0,C,True,Branch1,Part-time,2025-08-03 11:46:10
272,Employee272,LastName272,employee272@company.com,+1-555-488-5026,2020-08-23,16,36,172.0,C,False,Remote,Part-time,2025-08-03 11:46:10
273,Employee273,LastName273,employee273@company.com,+1-555-850-6770,2020-06-21,6,9,250.0,B,True,HQ,Full-time,2025-08-03 11:46:10
274,Employee274,LastName274,employee274@company.com,+1-555-937-1794,2022-08-25,1,27,70.0,B,True,Branch1,Full-time,2025-08-03 11:46:10
275,Employee275,LastName275,employee275@company.com,+1-555-617-8471,2020-08-11,12,4,247.0,D,True,HQ,Contract,2025-08-03 11:46:10
276,Employee276,LastName276,employee276@company.com,+1-555-521-1194,2021-07-18,1,34,140.0,E,True,HQ,Contract,2025-08-03 11:46:10
277,Employee277,LastName277,employee277@company.com,+1-555-814-8054,2022-04-12,6,7,49.0,E,True,Branch1,Full-time,2025-08-03 11:46:10
278,Employee278,LastName278,employee278@company.com,+1-555-639-5135,2021-09-26,12,18,203.0,A,True,Remote,Part-time,2025-08-03 11:46:10
279,Employee279,LastName279,employee279@company.com,+1-555-349-4700,2021-08-01,10,44,41.0,A,True,Remote,Part-time,2025-08-03 11:46:10
280,Employee280,LastName280,employee280@company.com,+1-555-665-8798,2021-01-21,2,41,4.0,B,True,Remote,Part-time,2025-08-03 11:46:10
281,Employee281,LastName281,employee281@company.com,+1-555-903-6427,2021-10-22,19,7,270.0,A,True,Branch1,Contract,2025-08-03 11:46:10
282,Employee282,LastName282,employee282@company.com,+1-555-680-8790,2022-06-27,9,3,38.0,C,True,Branch1,Part-time,2025-08-03 11:46:10
283,Employee283,LastName283,employee283@company.com,+1-555-312-3362,2020-01-17,13,5,153.0,B,True,Remote,Contract,2025-08-03 11:46:10
284,Employee284,LastName284,employee284@company.com,+1-555-653-6435,2022-07-07,13,49,71.0,A,True,HQ,Full-time,2025-08-03 11:46:10
285,Employee285,LastName285,employee285@company.com,+1-555-337-2245,2021-03-23,11,39,203.0,C,True,Branch2,Part-time,2025-08-03 11:46:10
286,Employee286,LastName286,employee286@company.com,+1-555-333-6829,2021-05-17,18,25,221.0,B,False,HQ,Contract,2025-08-03 11:46:10
287,Employee287,LastName287,employee287@company.com,+1-555-917-5037,2020-10-29,3,6,137.0,B,False,Branch1,Contract,2025-08-03 11:46:10
288,Employee288,LastName288,employee288@company.com,+1-555-424-6909,2021-02-02,4,6,2.0,C,False,Branch2,Part-time,2025-08-03 11:46:10
289,Employee289,LastName289,employee289@company.com,+1-555-235-2430,2020-04-14,6,28,229.0,E,False,HQ,Full-time,2025-08-03 11:46:10
290,Employee290,LastName290,employee290@company.com,+1-555-462-2524,2020-04-01,20,39,166.0,D,True,Branch2,Part-time,2025-08-03 11:46:10
291,Employee291,LastName291,employee291@company.com,+1-555-897-2387,2021-02-01,18,16,266.0,B,False,Branch1,Full-time,2025-08-03 11:46:10
292,Employee292,LastName292,employee292@company.com,+1-555-408-5397,2020-10-02,16,10,32.0,B,False,Branch2,Part-time,2025-08-03 11:46:10
293,Employee293,LastName293,employee293@company.com,+1-555-595-2260,2020-11-02,12,17,126.0,D,True,Remote,Full-time,2025-08-03 11:46:10
294,Employee294,LastName294,employee294@company.com,+1-555-411-1110,2020-05-18,13,22,194.0,C,False,Branch2,Part-time,2025-08-03 11:46:10
295,Employee295,LastName295,employee295@company.com,+1-555-943-3230,2022-04-15,10,21,102.0,D,True,Branch1,Part-time,2025-08-03 11:46:10
296,Employee296,LastName296,employee296@company.com,+1-555-426-5775,2022-09-18,16,37,124.0,C,False,Branch2,Part-time,2025-08-03 11:46:10
297,Employee297,LastName297,employee297@company.com,+1-555-216-4273,2021-01-08,19,35,92.0,E,True,Remote,Contract,2025-08-03 11:46:10
298,Employee298,LastName298,employee298@company.com,+1-555-548-5773,2020-08-02,3,27,255.0,B,True,Branch1,Part-time,2025-08-03 11:46:10
299,Employee299,LastName299,employee299@company.com,+1-555-257-7932,2021-11-05,13,5,229.0,E,False,Remote,Contract,2025-08-03 11:46:10
300,Employee300,LastName300,employee300@company.com,+1-555-990-7853,2021-06-02,18,3,184.0,E,True,HQ,Full-time,2025-08-03 11:46:10
301,Employee301,LastName301,employee301@company.com,+1-555-780-6816,2021-11-04,6,42,22.0,E,False,Branch2,Part-time,2025-08-03 11:46:10
302,Employee302,LastName302,employee302@company.com,+1-555-110-2615,2020-04-18,9,15,261.0,E,True,Remote,Part-time,2025-08-03 11:46:10
303,Employee303,LastName303,employee303@company.com,+1-555-574-9199,2021-02-04,5,23,12.0,D,True,Branch2,Part-time,2025-08-03 11:46:10
304,Employee304,LastName304,employee304@company.com,+1-555-187-2901,2022-07-31,5,23,159.0,C,False,Branch1,Contract,2025-08-03 11:46:10
305,Employee305,LastName305,employee305@company.com,+1-555-456-8801,2021-05-09,4,29,231.0,C,True,Branch2,Full-time,2025-08-03 11:46:10
306,Employee306,LastName306,employee306@company.com,+1-555-827-2885,2022-04-09,1,22,55.0,B,True,Branch1,Contract,2025-08-03 11:46:10
307,Employee307,LastName307,employee307@company.com,+1-555-438-7985,2020-06-12,15,15,207.0,B,True,Remote,Part-time,2025-08-03 11:46:10
308,Employee308,LastName308,employee308@company.com,+1-555-855-4232,2020-01-30,15,38,219.0,D,True,Branch1,Full-time,2025-08-03 11:46:10
309,Employee309,LastName309,employee309@company.com,+1-555-870-2025,2020-10-12,19,7,274.0,B,True,Branch2,Full-time,2025-08-03 11:46:10
310,Employee310,LastName310,employee310@company.com,+1-555-216-5298,2021-04-13,16,34,160.0,E,False,Remote,Contract,2025-08-03 11:46:10
311,Employee311,LastName311,employee311@company.com,+1-555-456-6766,2020-04-26,15,40,88.0,C,True,Branch1,Part-time,2025-08-03 11:46:10
312,Employee312,LastName312,employee312@company.com,+1-555-344-6003,2020-04-30,4,12,191.0,B,False,Remote,Contract,2025-08-03 11:46:10
313,Employee313,LastName313,employee313@company.com,+1-555-688-7286,2020-05-21,14,12,249.0,E,True,Branch1,Part-time,2025-08-03 11:46:10
314,Employee314,LastName314,employee314@company.com,+1-555-243-4065,2020-10-22,11,29,27.0,C,True,Remote,Full-time,2025-08-03 11:46:10
315,Employee315,LastName315,employee315@company.com,+1-555-934-7290,2020-07-18,18,33,253.0,D,False,Remote,Contract,2025-08-03 11:46:10
316,Employee316,LastName316,employee316@company.com,+1-555-554-9006,2022-05-10,6,6,289.0,A,True,Branch2,Full-time,2025-08-03 11:46:10
317,Employee317,LastName317,employee317@company.com,+1-555-330-9808,2020-10-08,10,11,234.0,E,False,HQ,Contract,2025-08-03 11:46:10
318,Employee318,LastName318,employee318@company.com,+1-555-374-9898,2020-04-26,12,35,21.0,D,True,Remote,Full-time,2025-08-03 11:46:10
319,Employee319,LastName319,employee319@company.com,+1-555-949-5055,2022-01-23,10,3,230.0,C,True,HQ,Part-time,2025-08-03 11:46:10
320,Employee320,LastName320,employee320@company.com,+1-555-220-4882,2022-06-05,7,48,301.0,C,False,Branch1,Contract,2025-08-03 11:46:10
321,Employee321,LastName321,employee321@company.com,+1-555-903-4385,2020-05-22,7,4,291.0,C,True,Branch1,Part-time,2025-08-03 11:46:10
322,Employee322,LastName322,employee322@company.com,+1-555-399-5740,2021-12-21,19,18,263.0,A,True,Remote,Full-time,2025-08-03 11:46:10
323,Employee323,LastName323,employee323@company.com,+1-555-987-3078,2020-10-10,5,16,74.0,C,True,Remote,Part-time,2025-08-03 11:46:10
324,Employee324,LastName324,employee324@company.com,+1-555-691-5402,2020-05-25,14,25,231.0,A,True,Remote,Contract,2025-08-03 11:46:10
325,Employee325,LastName325,employee325@company.com,+1-555-384-7046,2022-02-06,15,32,167.0,E,True,HQ,Contract,2025-08-03 11:46:10
326,Employee326,LastName326,employee326@company.com,+1-555-569-6869,2022-09-22,3,35,203.0,B,False,Branch1,Part-time,2025-08-03 11:46:10
327,Employee327,LastName327,employee327@company.com,+1-555-430-5646,2020-10-01,11,36,295.0,B,False,Branch2,Contract,2025-08-03 11:46:10
328,Employee328,LastName328,employee328@company.com,+1-555-149-1752,2022-02-19,4,41,235.0,A,True,Branch1,Part-time,2025-08-03 11:46:10
329,Employee329,LastName329,employee329@company.com,+1-555-100-8009,2021-04-12,7,45,67.0,C,True,Branch2,Full-time,2025-08-03 11:46:10
330,Employee330,LastName330,employee330@company.com,+1-555-469-5102,2021-11-01,3,24,84.0,A,False,Branch2,Contract,2025-08-03 11:46:10
331,Employee331,LastName331,employee331@company.com,+1-555-873-4836,2021-12-17,14,42,46.0,A,True,Branch1,Part-time,2025-08-03 11:46:10
332,Employee332,LastName332,employee332@company.com,+1-555-235-4705,2020-03-20,17,44,227.0,A,True,Branch2,Full-time,2025-08-03 11:46:10
333,Employee333,LastName333,employee333@company.com,+1-555-532-3165,2022-05-30,16,5,117.0,D,True,HQ,Full-time,2025-08-03 11:46:10
334,Employee334,LastName334,employee334@company.com,+1-555-476-5902,2020-11-16,5,25,68.0,B,True,HQ,Contract,2025-08-03 11:46:10
335,Employee335,LastName335,employee335@company.com,+1-555-268-8210,2021-10-27,12,47,109.0,B,False,Remote,Full-time,2025-08-03 11:46:10
336,Employee336,LastName336,employee336@company.com,+1-555-202-3293,2020-03-29,4,38,196.0,C,False,Branch2,Full-time,2025-08-03 11:46:10
337,Employee337,LastName337,employee337@company.com,+1-555-383-2380,2020-09-10,8,36,307.0,E,True,HQ,Contract,2025-08-03 11:46:10
338,Employee338,LastName338,employee338@company.com,+1-555-408-4366,2022-06-15,17,39,260.0,B,False,Branch2,Contract,2025-08-03 11:46:10
339,Employee339,LastName339,employee339@company.com,+1-555-902-4921,2020-02-25,16,25,57.0,B,False,HQ,Contract,2025-08-03 11:46:10
340,Employee340,LastName340,employee340@company.com,+1-555-112-6916,2022-06-29,11,9,198.0,E,False,Branch2,Contract,2025-08-03 11:46:10
341,Employee341,LastName341,employee341@company.com,+1-555-276-8717,2021-11-30,3,2,300.0,A,True,Branch2,Full-time,2025-08-03 11:46:10
342,Employee342,LastName342,employee342@company.com,+1-555-161-7520,2020-02-10,17,19,321.0,E,False,Remote,Contract,2025-08-03 11:46:10
343,Employee343,LastName343,employee343@company.com,+1-555-184-9791,2021-02-15,18,40,78.0,C,True,Branch2,Full-time,2025-08-03 11:46:10
344,Employee344,LastName344,employee344@company.com,+1-555-308-3545,2021-06-07,18,21,200.0,E,True,Branch2,Contract,2025-08-03 11:46:10
345,Employee345,LastName345,employee345@company.com,+1-555-847-4909,2021-03-23,2,16,44.0,D,True,Remote,Contract,2025-08-03 11:46:10
346,Employee346,LastName346,employee346@company.com,+1-555-156-6067,2021-09-15,6,8,6.0,B,True,Branch1,Part-time,2025-08-03 11:46:10
347,Employee347,LastName347,employee347@company.com,+1-555-455-9568,2022-09-02,17,47,132.0,B,True,Branch1,Contract,2025-08-03 11:46:10
348,Employee348,LastName348,employee348@company.com,+1-555-994-5403,2022-03-10,4,50,15.0,C,False,Branch2,Contract,2025-08-03 11:46:10
349,Employee349,LastName349,employee349@company.com,+1-555-369-2262,2020-03-06,16,30,261.0,C,True,Remote,Contract,2025-08-03 11:46:10
350,Employee350,LastName350,employee350@company.com,+1-555-476-3577,2020-06-19,9,50,52.0,E,True,Branch1,Contract,2025-08-03 11:46:10
351,Employee351,LastName351,employee351@company.com,+1-555-102-1721,2021-06-05,1,16,23.0,D,True,Remote,Full-time,2025-08-03 11:46:10
352,Employee352,LastName352,employee352@company.com,+1-555-978-1579,2020-07-02,18,46,335.0,D,True,Branch2,Full-time,2025-08-03 11:46:10
353,Employee353,LastName353,employee353@company.com,+1-555-837-6241,2021-03-02,9,5,292.0,C,True,HQ,Full-time,2025-08-03 11:46:10
354,Employee354,LastName354,employee354@company.com,+1-555-923-9450,2020-08-16,2,26,35.0,D,True,Branch2,Part-time,2025-08-03 11:46:10
355,Employee355,LastName355,employee355@company.com,+1-555-666-8483,2020-03-29,1,24,102.0,C,True,Branch1,Part-time,2025-08-03 11:46:10
356,Employee356,LastName356,employee356@company.com,+1-555-705-9083,2021-01-12,7,47,279.0,B,True,HQ,Part-time,2025-08-03 11:46:10
357,Employee357,LastName357,employee357@company.com,+1-555-338-9872,2020-01-25,12,41,355.0,A,True,HQ,Contract,2025-08-03 11:46:10
358,Employee358,LastName358,employee358@company.com,+1-555-969-6038,2021-01-20,4,14,271.0,B,False,Remote,Full-time,2025-08-03 11:46:10
359,Employee359,LastName359,employee359@company.com,+1-555-245-5584,2022-09-22,3,3,118.0,E,False,Branch2,Part-time,2025-08-03 11:46:10
360,Employee360,LastName360,employee360@company.com,+1-555-865-2391,2022-09-24,19,7,258.0,B,False,HQ,Contract,2025-08-03 11:46:10
361,Employee361,LastName361,employee361@company.com,+1-555-163-8126,2021-08-04,5,16,149.0,C,True,Remote,Contract,2025-08-03 11:46:10
362,Employee362,LastName362,employee362@company.com,+1-555-853-6345,2022-05-01,11,29,139.0,B,True,Branch1,Full-time,2025-08-03 11:46:10
363,Employee363,LastName363,employee363@company.com,+1-555-888-2785,2022-03-09,5,7,84.0,D,False,Branch2,Part-time,2025-08-03 11:46:10
364,Employee364,LastName364,employee364@company.com,+1-555-648-6870,2020-05-03,7,29,157.0,D,True,HQ,Full-time,2025-08-03 11:46:10
365,Employee365,LastName365,employee365@company.com,+1-555-926-5984,2020-06-10,20,3,110.0,C,True,HQ,Contract,2025-08-03 11:46:10
366,Employee366,LastName366,employee366@company.com,+1-555-464-7492,2020-09-11,17,4,346.0,C,True,Branch1,Full-time,2025-08-03 11:46:10
367,Employee367,LastName367,employee367@company.com,+1-555-514-8408,2022-09-01,18,48,281.0,B,True,Remote,Full-time,2025-08-03 11:46:10
368,Employee368,LastName368,employee368@company.com,+1-555-912-3290,2022-04-03,4,1,31.0,B,True,Branch1,Part-time,2025-08-03 11:46:10
369,Employee369,LastName369,employee369@company.com,+1-555-802-2376,2021-01-16,19,38,132.0,A,True,HQ,Full-time,2025-08-03 11:46:10
370,Employee370,LastName370,employee370@company.com,+1-555-761-8265,2022-07-13,5,6,169.0,A,True,Remote,Full-time,2025-08-03 11:46:10
371,Employee371,LastName371,employee371@company.com,+1-555-687-8096,2020-06-21,13,32,15.0,D,False,Branch1,Part-time,2025-08-03 11:46:10
372,Employee372,LastName372,employee372@company.com,+1-555-291-5505,2020-08-07,9,29,76.0,A,True,Branch2,Part-time,2025-08-03 11:46:10
373,Employee373,LastName373,employee373@company.com,+1-555-663-8848,2021-02-25,2,6,143.0,D,True,Remote,Full-time,2025-08-03 11:46:10
374,Employee374,LastName374,employee374@company.com,+1-555-916-9614,2021-10-20,8,41,278.0,A,False,Branch2,Part-time,2025-08-03 11:46:10
375,Employee375,LastName375,employee375@company.com,+1-555-900-8940,2021-07-11,12,37,257.0,C,False,Branch2,Full-time,2025-08-03 11:46:10
376,Employee376,LastName376,employee376@company.com,+1-555-426-4588,2020-01-27,1,50,143.0,A,False,Branch2,Contract,2025-08-03 11:46:10
377,Employee377,LastName377,employee377@company.com,+1-555-263-2640,2020-08-26,8,43,123.0,C,True,Branch1,Contract,2025-08-03 11:46:10
378,Employee378,LastName378,employee378@company.com,+1-555-916-7363,2022-05-16,12,12,90.0,B,True,Branch2,Contract,2025-08-03 11:46:10
379,Employee379,LastName379,employee379@company.com,+1-555-820-6761,2020-01-29,19,37,72.0,E,True,Remote,Contract,2025-08-03 11:46:10
380,Employee380,LastName380,employee380@company.com,+1-555-279-9035,2020-11-12,2,6,28.0,B,True,HQ,Contract,2025-08-03 11:46:10
381,Employee381,LastName381,employee381@company.com,+1-555-100-6435,2021-05-04,20,13,66.0,C,True,Branch2,Full-time,2025-08-03 11:46:10
382,Employee382,LastName382,employee382@company.com,+1-555-251-3320,2020-01-23,4,34,186.0,A,True,Remote,Contract,2025-08-03 11:46:10
383,Employee383,LastName383,employee383@company.com,+1-555-444-5944,2020-04-13,11,9,80.0,D,False,Branch2,Full-time,2025-08-03 11:46:10
384,Employee384,LastName384,employee384@company.com,+1-555-675-6846,2021-12-25,8,43,301.0,B,False,Branch2,Contract,2025-08-03 11:46:10
385,Employee385,LastName385,employee385@company.com,+1-555-401-3086,2021-12-06,6,47,,E,False,HQ,Full-time,2025-08-03 11:46:10
386,Employee386,LastName386,employee386@company.com,+1-555-425-4619,2021-09-08,19,7,254.0,B,True,HQ,Full-time,2025-08-03 11:46:10
387,Employee387,LastName387,employee387@company.com,+1-555-427-3750,2020-12-21,3,46,343.0,C,False,HQ,Part-time,2025-08-03 11:46:10
388,Employee388,LastName388,employee388@company.com,+1-555-355-2110,2020-08-02,12,17,55.0,A,True,Remote,Part-time,2025-08-03 11:46:10
389,Employee389,LastName389,employee389@company.com,+1-555-529-3725,2022-01-20,14,32,193.0,C,False,HQ,Part-time,2025-08-03 11:46:10
390,Employee390,LastName390,employee390@company.com,+1-555-984-4695,2022-03-18,6,29,37.0,A,True,HQ,Part-time,2025-08-03 11:46:10
391,Employee391,LastName391,employee391@company.com,+1-555-207-2215,2020-09-24,11,11,192.0,B,True,HQ,Part-time,2025-08-03 11:46:10
392,Employee392,LastName392,employee392@company.com,+1-555-728-8909,2021-08-31,1,28,334.0,B,False,Branch1,Full-time,2025-08-03 11:46:10
393,Employee393,LastName393,employee393@company.com,+1-555-439-4367,2020-04-13,7,27,356.0,E,True,Branch2,Part-time,2025-08-03 11:46:10
394,Employee394,LastName394,employee394@company.com,+1-555-198-1813,2020-08-31,13,37,281.0,D,True,HQ,Part-time,2025-08-03 11:46:10
395,Employee395,LastName395,employee395@company.com,+1-555-537-2435,2020-01-04,10,43,320.0,E,False,Branch1,Full-time,2025-08-03 11:46:10
396,Employee396,LastName396,employee396@company.com,+1-555-311-3798,2020-01-27,10,6,242.0,A,True,Remote,Part-time,2025-08-03 11:46:10
397,Employee397,LastName397,employee397@company.com,+1-555-776-5341,2021-05-15,3,42,278.0,D,True,Branch2,Part-time,2025-08-03 11:46:10
398,Employee398,LastName398,employee398@company.com,+1-555-291-8303,2021-01-13,2,17,225.0,D,True,Branch1,Part-time,2025-08-03 11:46:10
399,Employee399,LastName399,employee399@company.com,+1-555-163-3476,2021-07-31,4,6,342.0,C,False,Branch1,Contract,2025-08-03 11:46:10
400,Employee400,LastName400,employee400@company.com,+1-555-960-7342,2020-03-03,17,27,274.0,D,True,Remote,Part-time,2025-08-03 11:46:10
401,Employee401,LastName401,employee401@company.com,+1-555-504-1568,2020-03-21,17,37,264.0,E,True,HQ,Part-time,2025-08-03 11:46:10
402,Employee402,LastName402,employee402@company.com,+1-555-271-4471,2020-06-26,7,9,21.0,D,True,Remote,Full-time,2025-08-03 11:46:10
403,Employee403,LastName403,employee403@company.com,+1-555-742-3422,2022-04-22,20,17,163.0,A,True,Remote,Contract,2025-08-03 11:46:10
404,Employee404,LastName404,employee404@company.com,+1-555-665-6343,2021-02-10,9,34,234.0,A,False,HQ,Part-time,2025-08-03 11:46:10
405,Employee405,LastName405,employee405@company.com,+1-555-251-2641,2020-06-02,4,37,399.0,A,True,Branch2,Part-time,2025-08-03 11:46:10
406,Employee406,LastName406,employee406@company.com,+1-555-492-8955,2020-09-27,19,39,242.0,A,True,Branch2,Part-time,2025-08-03 11:46:10
407,Employee407,LastName407,employee407@company.com,+1-555-733-7581,2020-05-27,2,26,169.0,B,True,Remote,Part-time,2025-08-03 11:46:10
408,Employee408,LastName408,employee408@company.com,+1-555-481-1331,2022-07-07,11,20,159.0,C,False,HQ,Full-time,2025-08-03 11:46:10
409,Employee409,LastName409,employee409@company.com,+1-555-407-8259,2020-05-17,11,18,373.0,D,True,Branch1,Part-time,2025-08-03 11:46:10
410,Employee410,LastName410,employee410@company.com,+1-555-943-7671,2020-08-04,16,49,264.0,C,True,Branch1,Full-time,2025-08-03 11:46:10
411,Employee411,LastName411,employee411@company.com,+1-555-826-9303,2020-11-14,13,9,399.0,E,True,Branch1,Full-time,2025-08-03 11:46:10
412,Employee412,LastName412,employee412@company.com,+1-555-952-4288,2022-06-15,2,16,16.0,D,True,Branch2,Contract,2025-08-03 11:46:10
413,Employee413,LastName413,employee413@company.com,+1-555-380-7035,2020-07-22,15,33,203.0,A,True,Branch1,Part-time,2025-08-03 11:46:10
414,Employee414,LastName414,employee414@company.com,+1-555-708-8308,2021-05-15,6,31,300.0,E,True,Branch2,Full-time,2025-08-03 11:46:10
415,Employee415,LastName415,employee415@company.com,+1-555-364-2480,2022-05-07,10,2,197.0,A,True,Branch1,Full-time,2025-08-03 11:46:10
416,Employee416,LastName416,employee416@company.com,+1-555-330-4387,2021-10-24,9,42,209.0,E,True,HQ,Part-time,2025-08-03 11:46:10
417,Employee417,LastName417,employee417@company.com,+1-555-235-3837,2022-07-22,20,1,114.0,C,True,Branch2,Part-time,2025-08-03 11:46:10
418,Employee418,LastName418,employee418@company.com,+1-555-485-6713,2022-07-05,15,17,111.0,D,True,Remote,Contract,2025-08-03 11:46:10
419,Employee419,LastName419,employee419@company.com,+1-555-107-9380,2020-04-14,12,36,331.0,E,True,Branch2,Contract,2025-08-03 11:46:10
420,Employee420,LastName420,employee420@company.com,+1-555-593-2045,2020-04-20,11,18,327.0,C,True,Branch2,Contract,2025-08-03 11:46:10
421,Employee421,LastName421,employee421@company.com,+1-555-767-5895,2021-12-29,7,10,264.0,B,True,Remote,Contract,2025-08-03 11:46:10
422,Employee422,LastName422,employee422@company.com,+1-555-797-3292,2020-11-23,1,42,254.0,C,True,Remote,Part-time,2025-08-03 11:46:10
423,Employee423,LastName423,employee423@company.com,+1-555-854-1578,2021-02-01,19,46,292.0,B,True,Branch1,Contract,2025-08-03 11:46:10
424,Employee424,LastName424,employee424@company.com,+1-555-753-8794,2021-07-01,12,33,153.0,B,True,Branch2,Full-time,2025-08-03 11:46:10
425,Employee425,LastName425,employee425@company.com,+1-555-231-5237,2021-04-27,18,49,93.0,C,True,Branch1,Part-time,2025-08-03 11:46:10
426,Employee426,LastName426,employee426@company.com,+1-555-862-6031,2020-08-16,14,22,190.0,C,True,Remote,Full-time,2025-08-03 11:46:10
427,Employee427,LastName427,employee427@company.com,+1-555-154-2166,2021-04-26,16,13,256.0,A,False,Branch2,Part-time,2025-08-03 11:46:10
428,Employee428,LastName428,employee428@company.com,+1-555-991-3470,2020-02-25,5,13,175.0,D,False,Branch1,Part-time,2025-08-03 11:46:10
429,Employee429,LastName429,employee429@company.com,+1-555-832-3954,2022-06-02,3,32,170.0,B,True,HQ,Full-time,2025-08-03 11:46:10
430,Employee430,LastName430,employee430@company.com,+1-555-380-4430,2021-04-07,6,37,391.0,B,False,HQ,Full-time,2025-08-03 11:46:10
431,Employee431,LastName431,employee431@company.com,+1-555-544-8035,2021-09-21,13,28,244.0,D,True,HQ,Contract,2025-08-03 11:46:10
432,Employee432,LastName432,employee432@company.com,+1-555-848-7112,2020-07-23,1,21,387.0,E,True,HQ,Contract,2025-08-03 11:46:10
433,Employee433,LastName433,employee433@company.com,+1-555-741-5076,2020-01-05,8,45,176.0,C,True,HQ,Part-time,2025-08-03 11:46:10
434,Employee434,LastName434,employee434@company.com,+1-555-702-6015,2021-05-30,6,5,421.0,A,True,Branch2,Part-time,2025-08-03 11:46:10
435,Employee435,LastName435,employee435@company.com,+1-555-632-9587,2022-01-15,11,28,351.0,B,True,Remote,Part-time,2025-08-03 11:46:10
436,Employee436,LastName436,employee436@company.com,+1-555-292-3701,2022-02-07,13,2,116.0,B,True,Branch1,Contract,2025-08-03 11:46:10
437,Employee437,LastName437,employee437@company.com,+1-555-703-9267,2020-01-23,6,8,187.0,A,False,Branch2,Contract,2025-08-03 11:46:10
438,Employee438,LastName438,employee438@company.com,+1-555-149-1785,2021-09-30,4,42,428.0,A,True,HQ,Part-time,2025-08-03 11:46:10
439,Employee439,LastName439,employee439@company.com,+1-555-489-3024,2021-03-30,18,17,242.0,B,True,HQ,Part-time,2025-08-03 11:46:10
440,Employee440,LastName440,employee440@company.com,+1-555-777-2654,2021-03-06,17,18,318.0,E,True,Remote,Full-time,2025-08-03 11:46:10
441,Employee441,LastName441,employee441@company.com,+1-555-836-2928,2021-06-07,10,8,401.0,A,False,Branch1,Contract,2025-08-03 11:46:10
442,Employee442,LastName442,employee442@company.com,+1-555-896-5308,2020-07-23,17,13,183.0,D,True,Branch1,Full-time,2025-08-03 11:46:10
443,Employee443,LastName443,employee443@company.com,+1-555-608-4402,2021-07-15,16,22,120.0,A,True,HQ,Full-time,2025-08-03 11:46:10
444,Employee444,LastName444,employee444@company.com,+1-555-687-9095,2022-05-05,5,6,399.0,E,True,HQ,Part-time,2025-08-03 11:46:10
445,Employee445,LastName445,employee445@company.com,+1-555-336-8483,2021-10-21,10,17,237.0,A,True,Branch1,Full-time,2025-08-03 11:46:10
446,Employee446,LastName446,employee446@company.com,+1-555-397-6901,2022-05-22,11,28,378.0,A,True,HQ,Full-time,2025-08-03 11:46:10
447,Employee447,LastName447,employee447@company.com,+1-555-241-3793,2022-05-22,11,23,224.0,E,True,HQ,Part-time,2025-08-03 11:46:10
448,Employee448,LastName448,employee448@company.com,+1-555-450-3996,2022-04-14,4,26,204.0,D,True,Remote,Contract,2025-08-03 11:46:10
449,Employee449,LastName449,employee449@company.com,+1-555-589-7909,2022-05-21,6,8,67.0,A,True,HQ,Part-time,2025-08-03 11:46:10
450,Employee450,LastName450,employee450@company.com,+1-555-704-8908,2022-07-22,19,44,224.0,B,False,Branch2,Contract,2025-08-03 11:46:10
451,Employee451,LastName451,employee451@company.com,+1-555-983-3140,2020-01-30,16,32,57.0,D,False,HQ,Full-time,2025-08-03 11:46:10
452,Employee452,LastName452,employee452@company.com,+1-555-770-6148,2020-09-24,1,46,444.0,E,True,Branch2,Contract,2025-08-03 11:46:10
453,Employee453,LastName453,employee453@company.com,+1-555-804-2560,2021-06-19,14,43,372.0,B,False,Branch2,Contract,2025-08-03 11:46:10
454,Employee454,LastName454,employee454@company.com,+1-555-756-7305,2021-11-23,5,36,313.0,A,True,Branch1,Contract,2025-08-03 11:46:10
455,Employee455,LastName455,employee455@company.com,+1-555-580-9123,2022-05-19,6,5,384.0,D,True,Branch1,Part-time,2025-08-03 11:46:10
456,Employee456,LastName456,employee456@company.com,+1-555-384-1824,2022-09-20,17,15,281.0,D,False,Branch1,Full-time,2025-08-03 11:46:10
457,Employee457,LastName457,employee457@company.com,+1-555-554-8341,2021-04-15,3,32,228.0,C,True,Remote,Contract,2025-08-03 11:46:10
458,Employee458,LastName458,employee458@company.com,+1-555-118-2681,2021-10-31,13,27,18.0,E,True,HQ,Contract,2025-08-03 11:46:10
459,Employee459,LastName459,employee459@company.com,+1-555-733-5990,2022-09-13,17,36,105.0,D,True,Branch2,Full-time,2025-08-03 11:46:10
460,Employee460,LastName460,employee460@company.com,+1-555-328-8445,2022-04-16,11,36,392.0,E,False,Branch2,Contract,2025-08-03 11:46:10
461,Employee461,LastName461,employee461@company.com,+1-555-216-2596,2021-04-08,8,1,174.0,C,True,Branch2,Contract,2025-08-03 11:46:10
462,Employee462,LastName462,employee462@company.com,+1-555-146-3689,2020-04-18,16,9,420.0,D,True,Branch2,Contract,2025-08-03 11:46:10
463,Employee463,LastName463,employee463@company.com,+1-555-292-2978,2020-07-19,13,14,234.0,B,True,HQ,Part-time,2025-08-03 11:46:10
464,Employee464,LastName464,employee464@company.com,+1-555-748-3018,2020-02-17,15,30,337.0,E,True,Remote,Full-time,2025-08-03 11:46:10
465,Employee465,LastName465,employee465@company.com,+1-555-853-1795,2021-06-27,18,28,429.0,E,False,Branch1,Contract,2025-08-03 11:46:10
466,Employee466,LastName466,employee466@company.com,+1-555-277-3103,2021-08-15,4,25,336.0,E,True,Remote,Part-time,2025-08-03 11:46:10
467,Employee467,LastName467,employee467@company.com,+1-555-809-5067,2021-09-15,9,26,175.0,C,False,Branch1,Full-time,2025-08-03 11:46:10
468,Employee468,LastName468,employee468@company.com,+1-555-716-9393,2021-02-26,10,45,280.0,C,True,Branch1,Full-time,2025-08-03 11:46:10
469,Employee469,LastName469,employee469@company.com,+1-555-831-5760,2021-10-01,12,44,67.0,B,True,HQ,Part-time,2025-08-03 11:46:10
470,Employee470,LastName470,employee470@company.com,+1-555-591-7839,2021-07-29,18,19,449.0,D,True,HQ,Full-time,2025-08-03 11:46:10
471,Employee471,LastName471,employee471@company.com,+1-555-248-1869,2021-01-25,2,13,136.0,B,True,Branch2,Full-time,2025-08-03 11:46:10
472,Employee472,LastName472,employee472@company.com,+1-555-163-5835,2022-05-09,7,49,277.0,A,True,Remote,Full-time,2025-08-03 11:46:10
473,Employee473,LastName473,employee473@company.com,+1-555-988-4675,2021-09-22,18,25,121.0,E,True,HQ,Part-time,2025-08-03 11:46:10
474,Employee474,LastName474,employee474@company.com,+1-555-526-6122,2021-01-31,18,4,6.0,C,True,Remote,Full-time,2025-08-03 11:46:10
475,Employee475,LastName475,employee475@company.com,+1-555-748-7025,2022-07-22,19,35,378.0,E,True,Branch1,Part-time,2025-08-03 11:46:10
476,Employee476,LastName476,employee476@company.com,+1-555-281-2220,2021-04-04,6,12,376.0,E,True,Remote,Full-time,2025-08-03 11:46:10
477,Employee477,LastName477,employee477@company.com,+1-555-385-5329,2021-03-14,5,11,299.0,C,True,Branch2,Part-time,2025-08-03 11:46:10
478,Employee478,LastName478,employee478@company.com,+1-555-258-1654,2021-12-27,5,21,305.0,A,True,Remote,Contract,2025-08-03 11:46:10
479,Employee479,LastName479,employee479@company.com,+1-555-466-2194,2021-07-17,11,34,112.0,B,True,Branch1,Part-time,2025-08-03 11:46:10
480,Employee480,LastName480,employee480@company.com,+1-555-649-7609,2021-07-10,3,23,113.0,B,True,Branch2,Part-time,2025-08-03 11:46:10
481,Employee481,LastName481,employee481@company.com,+1-555-323-9691,2020-10-27,16,36,421.0,A,True,Branch2,Part-time,2025-08-03 11:46:10
482,Employee482,LastName482,employee482@company.com,+1-555-757-4994,2020-09-03,2,44,453.0,C,False,HQ,Part-time,2025-08-03 11:46:10
483,Employee483,LastName483,employee483@company.com,+1-555-653-5633,2020-09-19,1,34,420.0,C,False,Remote,Full-time,2025-08-03 11:46:10
484,Employee484,LastName484,employee484@company.com,+1-555-767-4154,2020-10-30,11,33,42.0,A,True,HQ,Contract,2025-08-03 11:46:10
485,Employee485,LastName485,employee485@company.com,+1-555-315-4492,2020-03-08,14,7,105.0,E,False,HQ,Contract,2025-08-03 11:46:10
486,Employee486,LastName486,employee486@company.com,+1-555-257-1389,2021-12-03,15,46,169.0,A,True,HQ,Full-time,2025-08-03 11:46:10
487,Employee487,LastName487,employee487@company.com,+1-555-913-5127,2020-07-01,18,5,294.0,B,True,Remote,Part-time,2025-08-03 11:46:10
488,Employee488,LastName488,employee488@company.com,+1-555-745-7626,2021-04-06,14,21,8.0,D,True,HQ,Contract,2025-08-03 11:46:10
489,Employee489,LastName489,employee489@company.com,+1-555-733-2036,2022-01-07,19,3,358.0,A,True,HQ,Part-time,2025-08-03 11:46:10
490,Employee490,LastName490,employee490@company.com,+1-555-802-5937,2022-03-16,20,6,144.0,D,False,Remote,Contract,2025-08-03 11:46:10
491,Employee491,LastName491,employee491@company.com,+1-555-585-3561,2020-02-01,18,15,69.0,D,True,Branch1,Part-time,2025-08-03 11:46:10
492,Employee492,LastName492,employee492@company.com,+1-555-914-7113,2021-11-24,1,36,447.0,E,True,HQ,Full-time,2025-08-03 11:46:10
493,Employee493,LastName493,employee493@company.com,+1-555-686-7456,2020-01-06,18,36,484.0,A,True,Branch1,Contract,2025-08-03 11:46:10
494,Employee494,LastName494,employee494@company.com,+1-555-843-6633,2022-01-29,7,27,463.0,E,True,Branch1,Full-time,2025-08-03 11:46:10
495,Employee495,LastName495,employee495@company.com,+1-555-731-5140,2020-08-14,7,8,92.0,E,True,Remote,Contract,2025-08-03 11:46:10
496,Employee496,LastName496,employee496@company.com,+1-555-174-5762,2021-07-16,3,17,50.0,B,False,Branch2,Part-time,2025-08-03 11:46:10
497,Employee497,LastName497,employee497@company.com,+1-555-787-4842,2020-05-11,4,19,317.0,A,True,Branch2,Part-time,2025-08-03 11:46:10
498,Employee498,LastName498,employee498@company.com,+1-555-436-6008,2021-04-06,19,10,289.0,E,True,Branch2,Part-time,2025-08-03 11:46:10
499,Employee499,LastName499,employee499@company.com,+1-555-104-6131,2020-06-21,8,15,364.0,D,True,Branch2,Full-time,2025-08-03 11:46:10
500,Employee500,LastName500,employee500@company.com,+1-555-850-6432,2021-11-26,16,30,228.0,C,True,Remote,Contract,2025-08-03 11:46:10
